metric,mode,target_value,unit,spatial_scope,plan_eligibility,spatial_definition,trip_definition,target_universe,reference_year,calibration_priority,source,notes
trip_modal_share,car,34.0,percent,BOTH_INSIDE,ALL_PLANS,both_main_activity_endpoints_inside_or_on_munich,main_trip_between_consecutive_main_activities,car|pt|bike|walk,2019,primary,user-supplied values derived from the thesis external-cost dataset; detailed source reference pending,"Excluded modes removed; four-mode person-trip shares renormalised to 100%."
trip_modal_share,pt,24.0,percent,BOTH_INSIDE,ALL_PLANS,both_main_activity_endpoints_inside_or_on_munich,main_trip_between_consecutive_main_activities,car|pt|bike|walk,2019,primary,user-supplied values derived from the thesis external-cost dataset; detailed source reference pending,"Excluded modes removed; four-mode person-trip shares renormalised to 100%."
trip_modal_share,bike,18.0,percent,BOTH_INSIDE,ALL_PLANS,both_main_activity_endpoints_inside_or_on_munich,main_trip_between_consecutive_main_activities,car|pt|bike|walk,2019,primary,user-supplied values derived from the thesis external-cost dataset; detailed source reference pending,"Excluded modes removed; four-mode person-trip shares renormalised to 100%."
trip_modal_share,walk,24.0,percent,BOTH_INSIDE,ALL_PLANS,both_main_activity_endpoints_inside_or_on_munich,main_trip_between_consecutive_main_activities,car|pt|bike|walk,2019,primary,user-supplied values derived from the thesis external-cost dataset; detailed source reference pending,"Excluded modes removed; four-mode person-trip shares renormalised to 100%."
mean_trip_distance,car,,km,BOTH_INSIDE,ALL_PLANS,both_main_activity_endpoints_inside_or_on_munich,main_trip_between_consecutive_main_activities,car|pt|bike|walk,2019,pending,,TODO: enter only a method-compatible observed mean main-trip distance
mean_trip_distance,pt,,km,BOTH_INSIDE,ALL_PLANS,both_main_activity_endpoints_inside_or_on_munich,main_trip_between_consecutive_main_activities,car|pt|bike|walk,2019,pending,,TODO: enter only a method-compatible observed mean main-trip distance
mean_trip_distance,bike,,km,BOTH_INSIDE,ALL_PLANS,both_main_activity_endpoints_inside_or_on_munich,main_trip_between_consecutive_main_activities,car|pt|bike|walk,2019,pending,,TODO: enter only a method-compatible observed mean main-trip distance
mean_trip_distance,walk,,km,BOTH_INSIDE,ALL_PLANS,both_main_activity_endpoints_inside_or_on_munich,main_trip_between_consecutive_main_activities,car|pt|bike|walk,2019,pending,,TODO: enter only a method-compatible observed mean main-trip distance
annual_pkm,car,10637.49,million_person_km_per_year,UNCONFIRMED,ALL_PLANS,source_spatial_definition_pending,external_cost_dataset_mode_pkm_definition_pending,car|pt|bike|walk,2019,secondary,user-supplied values derived from the thesis external-cost dataset; detailed source reference pending,Annual absolute reference; not directly comparable with one simulated service day without an approved annualisation factor.
annual_pkm,pt,4510.08,million_person_km_per_year,UNCONFIRMED,ALL_PLANS,source_spatial_definition_pending,external_cost_dataset_mode_pkm_definition_pending,car|pt|bike|walk,2019,secondary,user-supplied values derived from the thesis external-cost dataset; detailed source reference pending,Annual absolute reference; not directly comparable with one simulated service day without an approved annualisation factor.
annual_pkm,bike,1131.50,million_person_km_per_year,UNCONFIRMED,ALL_PLANS,source_spatial_definition_pending,external_cost_dataset_mode_pkm_definition_pending,car|pt|bike|walk,2019,secondary,user-supplied values derived from the thesis external-cost dataset; detailed source reference pending,Annual absolute reference; not directly comparable with one simulated service day without an approved annualisation factor.
annual_pkm,walk,620.50,million_person_km_per_year,UNCONFIRMED,ALL_PLANS,source_spatial_definition_pending,external_cost_dataset_mode_pkm_definition_pending,car|pt|bike|walk,2019,secondary,user-supplied values derived from the thesis external-cost dataset; detailed source reference pending,Annual absolute reference; not directly comparable with one simulated service day without an approved annualisation factor.
annual_pkm_share,car,62.945329378203,percent,UNCONFIRMED,ALL_PLANS,source_spatial_definition_pending,external_cost_dataset_mode_pkm_definition_pending,car|pt|bike|walk,2019,secondary,derived reproducibly from the four user-supplied annual passenger-km values,Secondary plausibility reference only; source scope and detailed definition remain to be confirmed.
annual_pkm_share,pt,26.687542937483,percent,UNCONFIRMED,ALL_PLANS,source_spatial_definition_pending,external_cost_dataset_mode_pkm_definition_pending,car|pt|bike|walk,2019,secondary,derived reproducibly from the four user-supplied annual passenger-km values,Secondary plausibility reference only; source scope and detailed definition remain to be confirmed.
annual_pkm_share,bike,6.695436629453,percent,UNCONFIRMED,ALL_PLANS,source_spatial_definition_pending,external_cost_dataset_mode_pkm_definition_pending,car|pt|bike|walk,2019,secondary,derived reproducibly from the four user-supplied annual passenger-km values,Secondary plausibility reference only; source scope and detailed definition remain to be confirmed.
annual_pkm_share,walk,3.671691054861,percent,UNCONFIRMED,ALL_PLANS,source_spatial_definition_pending,external_cost_dataset_mode_pkm_definition_pending,car|pt|bike|walk,2019,secondary,derived reproducibly from the four user-supplied annual passenger-km values,Secondary plausibility reference only; source scope and detailed definition remain to be confirmed.
observed_car_pkm,car,10637.49,million_person_km_per_year,UNCONFIRMED,ALL_PLANS,source_spatial_definition_pending,external_cost_dataset_mode_pkm_definition_pending,car|pt|bike|walk,2019,reference_only,user-supplied values derived from the thesis external-cost dataset; detailed source reference pending,External-cost reference; not a direct mode-choice calibration target.
observed_car_fkm,car,7091.66,million_vehicle_km_per_year,UNCONFIRMED,ALL_PLANS,source_spatial_definition_pending,vehicle_kilometres_not_person_trips,car|pt|bike|walk,2019,reference_only,user-supplied values derived from the thesis external-cost dataset; detailed source reference pending,Vehicle-km must not be mixed with passenger-km or used to calibrate mode choice.
car_occupancy_factor,car,1.5,persons_per_vehicle,UNCONFIRMED,ALL_PLANS,source_spatial_definition_pending,observed_car_pkm_divided_by_observed_car_fkm,car|pt|bike|walk,2019,reference_only,derived exactly from 10637.49 / 7091.66,Later external-cost conversion reference; hold constant across BAU and Fast Track unless tested as a sensitivity.
observed_pt_fkm,pt,65.87,million_vehicle_km_per_year,UNCONFIRMED,ALL_PLANS,source_spatial_definition_pending,vehicle_kilometres_not_person_trips,car|pt|bike|walk,2019,reference_only,user-supplied values derived from the thesis external-cost dataset; detailed source reference pending,Vehicle-km reference only; do not use for mode-choice calibration or mix with passenger-km.
