person_id,runtime_cohort,old_leg_mode,old_stuck_time,first_arrival_after_43h,last_arrival_time,last_event_type,last_event_time,observed_arrival_after_43h
"1006088",regional_background,walk,154800.000,165100.000,165100.000,actstart,165100.000,true
"1011895",regional_background,walk,154800.000,169920.000,169920.000,actstart,169920.000,true
"1013037",regional_background,walk,154800.000,172261.000,172261.000,actstart,172261.000,true
"1034596",regional_background,walk,154800.000,156435.000,156435.000,actstart,156435.000,true
"1046642",regional_background,walk,154800.000,169542.000,169542.000,actstart,169542.000,true
"107044",munich_resident,car,154800.000,170973.000,170973.000,actstart,170973.000,true
"1072210",regional_background,car,154800.000,169809.000,169809.000,actstart,169809.000,true
"107350",munich_resident,car,154800.000,171396.000,171396.000,actstart,171396.000,true
"1075187",regional_background,walk,154800.000,158220.000,158220.000,actstart,158220.000,true
"1078466",regional_background,car,154800.000,155176.000,155176.000,actstart,155176.000,true
"107981",munich_resident,car,154800.000,162491.000,162491.000,actstart,162491.000,true
"108981",munich_resident,car,154800.000,159721.000,159721.000,actstart,159721.000,true
"1108640",regional_background,car,154800.000,165889.000,165889.000,actstart,165889.000,true
"1109470",regional_background,car,154800.000,164683.000,164683.000,actstart,164683.000,true
"1110866",regional_background,car,154800.000,163647.000,163647.000,actstart,163647.000,true
"1131196",regional_background,car,154800.000,162480.000,162480.000,actstart,162480.000,true
"1144592",regional_background,car,154800.000,165949.000,165949.000,actstart,165949.000,true
"115044",munich_resident,car,154800.000,172087.000,172087.000,actstart,172087.000,true
"1156181",regional_background,car,154800.000,165522.000,165522.000,actstart,165522.000,true
"1160426",regional_background,car,154800.000,155483.000,155483.000,actstart,155483.000,true
"121783",munich_resident,car,154800.000,160146.000,160146.000,actstart,160146.000,true
"122632",munich_resident,car,154800.000,156906.000,156906.000,actstart,156906.000,true
"1226345",regional_background,walk,154800.000,155118.000,155118.000,actstart,155118.000,true
"123232",munich_resident,car,154800.000,162680.000,162680.000,actstart,162680.000,true
"123442",munich_resident,car,154800.000,165981.000,165981.000,actstart,165981.000,true
"1243444",regional_background,walk,154800.000,161040.000,161040.000,actstart,161040.000,true
"127051",munich_resident,car,154800.000,155415.000,155415.000,actstart,155415.000,true
"127155",munich_resident,car,154800.000,158193.000,158193.000,actstart,158193.000,true
"129263",munich_resident,car,154800.000,157476.000,157476.000,actstart,157476.000,true
"132055",munich_resident,car,154800.000,161978.000,161978.000,actstart,161978.000,true
"1334741",regional_background,car,154800.000,164574.000,164574.000,actstart,164574.000,true
"1334799",regional_background,car,154800.000,155701.000,155701.000,actstart,155701.000,true
"1353805",regional_background,car,154800.000,154903.000,154903.000,actstart,154903.000,true
"1355491",regional_background,car,154800.000,164451.000,164451.000,actstart,164451.000,true
"1357767",regional_background,car,154800.000,160961.000,160961.000,actstart,160961.000,true
"1361838",regional_background,car,154800.000,167468.000,167468.000,actstart,167468.000,true
"136348",munich_resident,car,154800.000,167241.000,167241.000,actstart,167241.000,true
"1364502",regional_background,car,154800.000,162515.000,162515.000,actstart,162515.000,true
"150518",munich_resident,car,154800.000,163907.000,163907.000,actstart,163907.000,true
"152363",munich_resident,car,154800.000,160855.000,160855.000,actstart,160855.000,true
"158222",munich_resident,car,154800.000,169582.000,169582.000,actstart,169582.000,true
"162174",munich_resident,car,154800.000,166796.000,166796.000,actstart,166796.000,true
"1687224",munich_resident,car,154800.000,166928.000,167853.000,actstart,167853.000,true
"1689330",unresolved_background,car,154800.000,168276.000,168276.000,actstart,168276.000,true
"1695036",munich_resident,car,154800.000,158798.000,158798.000,actstart,158798.000,true
"1704013",munich_resident,car,154800.000,169736.000,169736.000,actstart,169736.000,true
"1709557",munich_resident,car,154800.000,157436.000,157915.000,actstart,157915.000,true
"1713641",munich_resident,car,154800.000,162669.000,164129.000,actstart,164129.000,true
"1721273",munich_resident,car,154800.000,169232.000,169232.000,actstart,169232.000,true
"1722945",munich_resident,car,154800.000,166897.000,167400.000,actstart,167400.000,true
"1723543",munich_resident,car,154800.000,155909.000,155909.000,actstart,155909.000,true
"1725353",munich_resident,car,154800.000,163882.000,163882.000,actstart,163882.000,true
"1726373",munich_resident,car,154800.000,159027.000,159643.000,actstart,159643.000,true
"172821",munich_resident,car,154800.000,163096.000,163096.000,actstart,163096.000,true
"1734353",unresolved_background,car,154800.000,171943.000,171943.000,actstart,171943.000,true
"173590",munich_resident,car,154800.000,159604.000,159604.000,actstart,159604.000,true
"1737407",munich_resident,car,154800.000,165464.000,165464.000,actstart,165464.000,true
"1739747",munich_resident,car,154800.000,160379.000,160379.000,actstart,160379.000,true
"1749019",munich_resident,car,154800.000,167667.000,167667.000,actstart,167667.000,true
"1749778",munich_resident,car,154800.000,167821.000,167821.000,actstart,167821.000,true
"1749870",munich_resident,car,154800.000,159945.000,159945.000,actstart,159945.000,true
"1763083",munich_resident,car,154800.000,160141.000,160141.000,actstart,160141.000,true
"177637",munich_resident,car,154800.000,161244.000,161244.000,actstart,161244.000,true
"1778611",unresolved_background,car,154800.000,156162.000,156162.000,actstart,156162.000,true
"178811",munich_resident,car,154800.000,158817.000,158817.000,actstart,158817.000,true
"1788335",munich_resident,car,154800.000,156347.000,157276.000,actstart,157276.000,true
"1789180",munich_resident,car,154800.000,159560.000,160049.000,actstart,160049.000,true
"1792651",unresolved_background,car,154800.000,156124.000,156124.000,actstart,156124.000,true
"1800893",munich_resident,car,154800.000,168170.000,168170.000,actstart,168170.000,true
"1802315",munich_resident,car,154800.000,155441.000,155441.000,actstart,155441.000,true
"1803637",unresolved_background,car,154800.000,168178.000,168178.000,actstart,168178.000,true
"1809735",munich_resident,car,154800.000,169848.000,170482.000,actstart,170482.000,true
"1813901",munich_resident,car,154800.000,167701.000,167701.000,actstart,167701.000,true
"1827874",unresolved_background,car,154800.000,169011.000,169011.000,actstart,169011.000,true
"1829442",munich_resident,car,154800.000,160163.000,160163.000,actstart,160163.000,true
"1833995",munich_resident,car,154800.000,158835.000,159281.000,actstart,159281.000,true
"183439",munich_resident,car,154800.000,160408.000,160408.000,actstart,160408.000,true
"1838333",munich_resident,car,154800.000,162287.000,162753.000,actstart,162753.000,true
"1844849",unresolved_background,car,154800.000,165607.000,165607.000,actstart,165607.000,true
"1847565",munich_resident,car,154800.000,158853.000,159487.000,actstart,159487.000,true
"1848976",unresolved_background,car,154800.000,161640.000,161640.000,actstart,161640.000,true
"1853085",munich_resident,car,154800.000,157585.000,159285.000,actstart,159285.000,true
"185875",munich_resident,car,154800.000,159361.000,159361.000,actstart,159361.000,true
"1860507",munich_resident,car,154800.000,154992.000,154992.000,actstart,154992.000,true
"1869971",munich_resident,car,154800.000,164116.000,164116.000,actstart,164116.000,true
"1871549",munich_resident,car,154800.000,155524.000,155524.000,actstart,155524.000,true
"187748",munich_resident,car,154800.000,161549.000,161549.000,actstart,161549.000,true
"1878318",munich_resident,car,154800.000,155331.000,155331.000,actstart,155331.000,true
"1892543",munich_resident,car,154800.000,166717.000,166717.000,actstart,166717.000,true
"1896761",unresolved_background,car,154800.000,160723.000,160723.000,actstart,160723.000,true
"1897029",unresolved_background,car,154800.000,162471.000,162471.000,actstart,162471.000,true
"1898007",munich_resident,car,154800.000,165330.000,165330.000,actstart,165330.000,true
"1931789",munich_resident,car,154800.000,159033.000,160145.000,actstart,160145.000,true
"1935451",munich_resident,car,154800.000,163434.000,163434.000,actstart,163434.000,true
"1947262",munich_resident,car,154800.000,157325.000,157325.000,actstart,157325.000,true
"1947415",munich_resident,car,154800.000,162009.000,162009.000,actstart,162009.000,true
"1947940",unresolved_background,car,154800.000,158493.000,158493.000,actstart,158493.000,true
"1951585",munich_resident,car,154800.000,161703.000,161703.000,actstart,161703.000,true
"1954053",munich_resident,car,154800.000,171036.000,171036.000,actstart,171036.000,true
"195938",munich_resident,car,154800.000,158122.000,158122.000,actstart,158122.000,true
"195944",munich_resident,car,154800.000,155314.000,155314.000,actstart,155314.000,true
"1962192",unresolved_background,car,154800.000,162133.000,162133.000,actstart,162133.000,true
"1970364",unresolved_background,car,154800.000,166348.000,166348.000,actstart,166348.000,true
"1977341",unresolved_background,car,154800.000,159962.000,159962.000,actstart,159962.000,true
"1980590",unresolved_background,car,154800.000,157791.000,157791.000,actstart,157791.000,true
"1992455",unresolved_background,car,154800.000,161906.000,161906.000,actstart,161906.000,true
"1994292",munich_resident,car,154800.000,155524.000,155929.000,actstart,155929.000,true
"1994366",munich_resident,car,154800.000,169428.000,169428.000,actstart,169428.000,true
"200008",munich_resident,car,154800.000,160348.000,160348.000,actstart,160348.000,true
"2006753",munich_resident,car,154800.000,156680.000,156680.000,actstart,156680.000,true
"2012479",munich_resident,car,154800.000,159722.000,159722.000,actstart,159722.000,true
"202960",munich_resident,car,154800.000,154948.000,154948.000,actstart,154948.000,true
"2043410",munich_resident,car,154800.000,171441.000,171441.000,actstart,171441.000,true
"2048955",munich_resident,car,154800.000,164528.000,164528.000,actstart,164528.000,true
"2048977",munich_resident,car,154800.000,160216.000,160216.000,actstart,160216.000,true
"2049721",munich_resident,car,154800.000,162501.000,162501.000,actstart,162501.000,true
"205233",munich_resident,car,154800.000,170066.000,170066.000,actstart,170066.000,true
"2077759",munich_resident,car,154800.000,171295.000,171295.000,actstart,171295.000,true
"208176",munich_resident,car,154800.000,154900.000,156492.000,actstart,156492.000,true
"208425",munich_resident,car,154800.000,167045.000,167045.000,actstart,167045.000,true
"2098448",unresolved_background,car,154800.000,163376.000,163376.000,actstart,163376.000,true
"212774",munich_resident,car,154800.000,164565.000,164565.000,actstart,164565.000,true
"2129786",unresolved_background,car,154800.000,157390.000,157390.000,actstart,157390.000,true
"2130365",unresolved_background,car,154800.000,160216.000,160216.000,actstart,160216.000,true
"2143972",munich_resident,car,154800.000,159987.000,159987.000,actstart,159987.000,true
"2144620",unresolved_background,car,154800.000,172569.000,172569.000,actstart,172569.000,true
"2145573",unresolved_background,car,154800.000,169329.000,169329.000,actstart,169329.000,true
"2146600",munich_resident,car,154800.000,165341.000,166274.000,actstart,166274.000,true
"215056",munich_resident,car,154800.000,165243.000,165243.000,actstart,165243.000,true
"2161011",munich_resident,car,154800.000,161870.000,161870.000,actstart,161870.000,true
"2161682",munich_resident,car,154800.000,161270.000,161270.000,actstart,161270.000,true
"2163658",munich_resident,car,154800.000,163300.000,163300.000,actstart,163300.000,true
"2173562",munich_resident,car,154800.000,163313.000,163313.000,actstart,163313.000,true
"2175344",munich_resident,car,154800.000,162990.000,163665.000,actstart,163665.000,true
"2179760",munich_resident,car,154800.000,158173.000,158173.000,actstart,158173.000,true
"2182090",munich_resident,car,154800.000,156347.000,157594.000,actstart,157594.000,true
"2186454",unresolved_background,car,154800.000,169554.000,169554.000,actstart,169554.000,true
"2187170",munich_resident,car,154800.000,162675.000,162675.000,actstart,162675.000,true
"2188142",munich_resident,car,154800.000,158152.000,158152.000,actstart,158152.000,true
"218948",munich_resident,car,154800.000,156630.000,156630.000,actstart,156630.000,true
"2196845",munich_resident,car,154800.000,161642.000,162279.000,actstart,162279.000,true
"2197774",munich_resident,car,154800.000,162832.000,162832.000,actstart,162832.000,true
"2202666",munich_resident,car,154800.000,161905.000,161905.000,actstart,161905.000,true
"2204292",unresolved_background,car,154800.000,162919.000,162919.000,actstart,162919.000,true
"2213986",munich_resident,car,154800.000,162676.000,162676.000,actstart,162676.000,true
"2222641",munich_resident,car,154800.000,165175.000,165524.000,actstart,165524.000,true
"2227629",unresolved_background,car,154800.000,170339.000,170339.000,actstart,170339.000,true
"2230032",munich_resident,car,154800.000,166401.000,167229.000,actstart,167229.000,true
"2231230",munich_resident,car,154800.000,166927.000,167906.000,actstart,167906.000,true
"2231335",unresolved_background,car,154800.000,165264.000,165264.000,actstart,165264.000,true
"2235438",unresolved_background,car,154800.000,165049.000,165049.000,actstart,165049.000,true
"2244284",unresolved_background,car,154800.000,157544.000,157544.000,actstart,157544.000,true
"2245489",munich_resident,car,154800.000,164829.000,164829.000,actstart,164829.000,true
"224776",munich_resident,car,154800.000,159555.000,159555.000,actstart,159555.000,true
"2249560",munich_resident,car,154800.000,159473.000,159473.000,actstart,159473.000,true
"2250460",munich_resident,car,154800.000,155517.000,155517.000,actstart,155517.000,true
"225221",munich_resident,car,154800.000,163005.000,163005.000,actstart,163005.000,true
"2257363",munich_resident,car,154800.000,160771.000,160771.000,actstart,160771.000,true
"226119",munich_resident,car,154800.000,167160.000,167160.000,actstart,167160.000,true
"2270663",munich_resident,car,154800.000,159961.000,159961.000,actstart,159961.000,true
"2272439",unresolved_background,car,154800.000,156181.000,156181.000,actstart,156181.000,true
"2276034",munich_resident,car,154800.000,163190.000,163190.000,actstart,163190.000,true
"2284028",munich_resident,car,154800.000,161875.000,161875.000,actstart,161875.000,true
"2286473",munich_resident,car,154800.000,168140.000,168894.000,actstart,168894.000,true
"2286733",unresolved_background,car,154800.000,155343.000,155343.000,actstart,155343.000,true
"2292729",munich_resident,car,154800.000,163361.000,163361.000,actstart,163361.000,true
"2295289",munich_resident,car,154800.000,161527.000,162635.000,actstart,162635.000,true
"2300699",munich_resident,car,154800.000,171111.000,171111.000,actstart,171111.000,true
"2316551",munich_resident,car,154800.000,168993.000,168993.000,actstart,168993.000,true
"2318758",munich_resident,car,154800.000,163636.000,164137.000,actstart,164137.000,true
"2320291",munich_resident,car,154800.000,156513.000,156513.000,actstart,156513.000,true
"232368",munich_resident,car,154800.000,155609.000,155609.000,actstart,155609.000,true
"2325163",munich_resident,car,154800.000,155747.000,155747.000,actstart,155747.000,true
"2331339",unresolved_background,car,154800.000,160286.000,160286.000,actstart,160286.000,true
"2333080",unresolved_background,car,154800.000,162187.000,162187.000,actstart,162187.000,true
"2341731",unresolved_background,car,154800.000,163740.000,163740.000,actstart,163740.000,true
"2345804",munich_resident,car,154800.000,164992.000,164992.000,actstart,164992.000,true
"2346067",munich_resident,car,154800.000,164072.000,164072.000,actstart,164072.000,true
"2348010",unresolved_background,car,154800.000,171637.000,171637.000,actstart,171637.000,true
"2348341",munich_resident,car,154800.000,160749.000,160749.000,actstart,160749.000,true
"2356698",unresolved_background,car,154800.000,156514.000,156514.000,actstart,156514.000,true
"2358838",munich_resident,car,154800.000,164818.000,164818.000,actstart,164818.000,true
"2365606",munich_resident,car,154800.000,162479.000,162479.000,actstart,162479.000,true
"2367354",munich_resident,car,154800.000,161223.000,161223.000,actstart,161223.000,true
"2370322",munich_resident,car,154800.000,155257.000,155257.000,actstart,155257.000,true
"2370871",munich_resident,car,154800.000,157647.000,158466.000,actstart,158466.000,true
"2371099",unresolved_background,car,154800.000,154865.000,154865.000,actstart,154865.000,true
"2379300",unresolved_background,car,154800.000,156286.000,156286.000,actstart,156286.000,true
"2381257",munich_resident,car,154800.000,166384.000,166384.000,actstart,166384.000,true
"2384397",munich_resident,car,154800.000,162472.000,162472.000,actstart,162472.000,true
"2386443",munich_resident,car,154800.000,155847.000,155847.000,actstart,155847.000,true
"2388783",munich_resident,car,154800.000,171058.000,171058.000,actstart,171058.000,true
"2393226",munich_resident,car,154800.000,155325.000,156282.000,actstart,156282.000,true
"2394213",munich_resident,car,154800.000,161253.000,161253.000,actstart,161253.000,true
"2397018",unresolved_background,car,154800.000,157722.000,157722.000,actstart,157722.000,true
"2399729",unresolved_background,car,154800.000,160799.000,160799.000,actstart,160799.000,true
"2405604",munich_resident,car,154800.000,171032.000,171032.000,actstart,171032.000,true
"2408769",unresolved_background,car,154800.000,168992.000,168992.000,actstart,168992.000,true
"2417445",unresolved_background,car,154800.000,163356.000,163356.000,actstart,163356.000,true
"242919",munich_resident,car,154800.000,157796.000,157796.000,actstart,157796.000,true
"2437071",munich_resident,car,154800.000,157676.000,158665.000,actstart,158665.000,true
"2451841",munich_resident,car,154800.000,157590.000,157590.000,actstart,157590.000,true
"2461259",munich_resident,car,154800.000,155049.000,155049.000,actstart,155049.000,true
"2463424",munich_resident,car,154800.000,161018.000,161018.000,actstart,161018.000,true
"2483521",munich_resident,car,154800.000,169218.000,169218.000,actstart,169218.000,true
"2483748",munich_resident,car,154800.000,159373.000,159373.000,actstart,159373.000,true
"248852",munich_resident,car,154800.000,161158.000,161158.000,actstart,161158.000,true
"2496973",munich_resident,car,154800.000,167819.000,167819.000,actstart,167819.000,true
"249935",munich_resident,car,154800.000,155801.000,155801.000,actstart,155801.000,true
"2500775",munich_resident,car,154800.000,170878.000,170878.000,actstart,170878.000,true
"2502369",munich_resident,car,154800.000,168296.000,168296.000,actstart,168296.000,true
"2509322",unresolved_background,car,154800.000,164692.000,164692.000,actstart,164692.000,true
"2509791",munich_resident,car,154800.000,163061.000,163061.000,actstart,163061.000,true
"2511096",unresolved_background,car,154800.000,166072.000,166072.000,actstart,166072.000,true
"2513593",unresolved_background,car,154800.000,156680.000,156680.000,actstart,156680.000,true
"2518359",munich_resident,car,154800.000,166348.000,166348.000,actstart,166348.000,true
"2522471",munich_resident,car,154800.000,156028.000,156701.000,actstart,156701.000,true
"2523368",unresolved_background,car,154800.000,166725.000,166725.000,actstart,166725.000,true
"2528703",unresolved_background,car,154800.000,169112.000,169112.000,actstart,169112.000,true
"2531005",munich_resident,car,154800.000,163469.000,163469.000,actstart,163469.000,true
"253439",munich_resident,car,154800.000,158681.000,158681.000,actstart,158681.000,true
"2535776",munich_resident,car,154800.000,170658.000,170658.000,actstart,170658.000,true
"2537698",munich_resident,car,154800.000,158779.000,158779.000,actstart,158779.000,true
"2539226",munich_resident,car,154800.000,172065.000,172065.000,actstart,172065.000,true
"2540324",munich_resident,car,154800.000,156268.000,156268.000,actstart,156268.000,true
"2547637",unresolved_background,car,154800.000,155856.000,155856.000,actstart,155856.000,true
"2560121",munich_resident,car,154800.000,167320.000,167320.000,actstart,167320.000,true
"2565540",munich_resident,car,154800.000,157351.000,157351.000,actstart,157351.000,true
"2572946",munich_resident,car,154800.000,157697.000,157697.000,actstart,157697.000,true
"2573512",munich_resident,car,154800.000,165623.000,165623.000,actstart,165623.000,true
"2574133",munich_resident,car,154800.000,168354.000,168354.000,actstart,168354.000,true
"257481",munich_resident,car,154800.000,156339.000,156339.000,actstart,156339.000,true
"2577660",munich_resident,car,154800.000,165159.000,165159.000,actstart,165159.000,true
"2586382",unresolved_background,car,154800.000,155191.000,155191.000,actstart,155191.000,true
"2592514",munich_resident,car,154800.000,164674.000,164674.000,actstart,164674.000,true
"2594127",munich_resident,car,154800.000,168204.000,168204.000,actstart,168204.000,true
"2598108",munich_resident,car,154800.000,155206.000,155206.000,actstart,155206.000,true
"259815",munich_resident,car,154800.000,169866.000,169866.000,actstart,169866.000,true
"2604144",munich_resident,car,154800.000,169746.000,169746.000,actstart,169746.000,true
"2606271",munich_resident,car,154800.000,170301.000,171236.000,actstart,171236.000,true
"2609951",unresolved_background,car,154800.000,157043.000,157043.000,actstart,157043.000,true
"2614239",munich_resident,car,154800.000,157427.000,157427.000,actstart,157427.000,true
"2617808",unresolved_background,car,154800.000,156898.000,156898.000,actstart,156898.000,true
"2631907",unresolved_background,car,154800.000,163247.000,163247.000,actstart,163247.000,true
"2634397",munich_resident,car,154800.000,162772.000,162772.000,actstart,162772.000,true
"2637165",munich_resident,car,154800.000,166636.000,167009.000,actstart,167009.000,true
"2638736",munich_resident,car,154800.000,168998.000,168998.000,actstart,168998.000,true
"2638889",unresolved_background,car,154800.000,162855.000,162855.000,actstart,162855.000,true
"2640064",munich_resident,car,154800.000,161715.000,161715.000,actstart,161715.000,true
"2643111",munich_resident,car,154800.000,162884.000,162884.000,actstart,162884.000,true
"2648614",unresolved_background,car,154800.000,168069.000,168069.000,actstart,168069.000,true
"264961",munich_resident,car,154800.000,158315.000,158315.000,actstart,158315.000,true
"2651339",munich_resident,car,154800.000,160524.000,160524.000,actstart,160524.000,true
"2652337",munich_resident,car,154800.000,165251.000,165251.000,actstart,165251.000,true
"2660247",unresolved_background,car,154800.000,158237.000,158237.000,actstart,158237.000,true
"266219",munich_resident,car,154800.000,159394.000,159394.000,actstart,159394.000,true
"2681190",munich_resident,car,154800.000,163815.000,163815.000,actstart,163815.000,true
"2682204",unresolved_background,car,154800.000,166094.000,166094.000,actstart,166094.000,true
"268513",munich_resident,car,154800.000,162501.000,162501.000,actstart,162501.000,true
"2685232",unresolved_background,car,154800.000,167696.000,167696.000,actstart,167696.000,true
"2687589",munich_resident,car,154800.000,157594.000,158446.000,actstart,158446.000,true
"2689732",munich_resident,car,154800.000,163136.000,163136.000,actstart,163136.000,true
"2692039",munich_resident,car,154800.000,168379.000,168379.000,actstart,168379.000,true
"2692269",munich_resident,car,154800.000,169007.000,169007.000,actstart,169007.000,true
"2704931",unresolved_background,car,154800.000,165653.000,165653.000,actstart,165653.000,true
"2713812",munich_resident,car,154800.000,166250.000,166250.000,actstart,166250.000,true
"271785",munich_resident,car,154800.000,159050.000,159050.000,actstart,159050.000,true
"2718749",munich_resident,car,154800.000,160775.000,160775.000,actstart,160775.000,true
"2724085",munich_resident,car,154800.000,164276.000,165373.000,actstart,165373.000,true
"2724915",munich_resident,car,154800.000,155229.000,156038.000,actstart,156038.000,true
"2725970",munich_resident,car,154800.000,159898.000,160719.000,actstart,160719.000,true
"2728277",munich_resident,car,154800.000,163528.000,163528.000,actstart,163528.000,true
"2728846",munich_resident,car,154800.000,167087.000,167087.000,actstart,167087.000,true
"2730284",munich_resident,car,154800.000,170215.000,170215.000,actstart,170215.000,true
"2732454",munich_resident,car,154800.000,166437.000,166437.000,actstart,166437.000,true
"274067",munich_resident,car,154800.000,160213.000,160531.000,actstart,160531.000,true
"2742274",munich_resident,car,154800.000,161996.000,161996.000,actstart,161996.000,true
"2745899",munich_resident,car,154800.000,165061.000,165061.000,actstart,165061.000,true
"2767576",unresolved_background,car,154800.000,158848.000,158848.000,actstart,158848.000,true
"2768289",munich_resident,car,154800.000,155176.000,155921.000,actstart,155921.000,true
"2769590",munich_resident,car,154800.000,156020.000,156020.000,actstart,156020.000,true
"2775246",unresolved_background,car,154800.000,161132.000,161132.000,actstart,161132.000,true
"2784205",munich_resident,car,154800.000,164451.000,164451.000,actstart,164451.000,true
"2785358",unresolved_background,car,154800.000,168203.000,168203.000,actstart,168203.000,true
"2798976",unresolved_background,car,154800.000,158022.000,158022.000,actstart,158022.000,true
"2800169",munich_resident,car,154800.000,164222.000,164222.000,actstart,164222.000,true
"2802689",unresolved_background,car,154800.000,155850.000,155850.000,actstart,155850.000,true
"2805359",unresolved_background,car,154800.000,155016.000,155016.000,actstart,155016.000,true
"2805979",munich_resident,car,154800.000,160427.000,161505.000,actstart,161505.000,true
"2808246",munich_resident,car,154800.000,164525.000,164525.000,actstart,164525.000,true
"2811672",munich_resident,car,154800.000,163347.000,163347.000,actstart,163347.000,true
"2812256",munich_resident,car,154800.000,171812.000,171812.000,actstart,171812.000,true
"2822527",munich_resident,car,154800.000,162264.000,162264.000,actstart,162264.000,true
"2827324",unresolved_background,car,154800.000,165039.000,165039.000,actstart,165039.000,true
"2831816",munich_resident,car,154800.000,161206.000,161206.000,actstart,161206.000,true
"2833640",munich_resident,car,154800.000,163765.000,163765.000,actstart,163765.000,true
"2851277",unresolved_background,car,154800.000,163696.000,163696.000,actstart,163696.000,true
"2851691",munich_resident,car,154800.000,164991.000,164991.000,actstart,164991.000,true
"2853970",munich_resident,car,154800.000,158421.000,158421.000,actstart,158421.000,true
"2857566",munich_resident,car,154800.000,156769.000,156769.000,actstart,156769.000,true
"2859104",unresolved_background,car,154800.000,160870.000,160870.000,actstart,160870.000,true
"2875688",munich_resident,car,154800.000,157892.000,157892.000,actstart,157892.000,true
"287789",munich_resident,car,154800.000,160252.000,160252.000,actstart,160252.000,true
"2880189",munich_resident,car,154800.000,163890.000,164698.000,actstart,164698.000,true
"288536",munich_resident,car,154800.000,157466.000,158814.000,actstart,158814.000,true
"2886566",munich_resident,car,154800.000,157863.000,158423.000,actstart,158423.000,true
"2888193",munich_resident,car,154800.000,162926.000,162926.000,actstart,162926.000,true
"2891275",munich_resident,car,154800.000,155225.000,156579.000,actstart,156579.000,true
"2897341",munich_resident,car,154800.000,155843.000,156491.000,actstart,156491.000,true
"2903142",munich_resident,car,154800.000,155066.000,155066.000,actstart,155066.000,true
"2905907",unresolved_background,car,154800.000,165119.000,165119.000,actstart,165119.000,true
"2914161",munich_resident,car,154800.000,168768.000,168768.000,actstart,168768.000,true
"2923312",munich_resident,car,154800.000,167418.000,167418.000,actstart,167418.000,true
"2924579",unresolved_background,car,154800.000,157608.000,157608.000,actstart,157608.000,true
"2926476",munich_resident,car,154800.000,165303.000,165303.000,actstart,165303.000,true
"2927304",munich_resident,car,154800.000,154989.000,154989.000,actstart,154989.000,true
"293323",munich_resident,car,154800.000,157902.000,157902.000,actstart,157902.000,true
"2934307",munich_resident,car,154800.000,156298.000,156298.000,actstart,156298.000,true
"2939578",unresolved_background,car,154800.000,171947.000,171947.000,actstart,171947.000,true
"2952107",unresolved_background,car,154800.000,167567.000,167567.000,actstart,167567.000,true
"2954967",unresolved_background,car,154800.000,168690.000,168690.000,actstart,168690.000,true
"2966502",munich_resident,car,154800.000,156708.000,156708.000,actstart,156708.000,true
"2966540",munich_resident,car,154800.000,164539.000,165289.000,actstart,165289.000,true
"2968481",munich_resident,car,154800.000,165143.000,165143.000,actstart,165143.000,true
"2972329",munich_resident,car,154800.000,166367.000,166367.000,actstart,166367.000,true
"2979670",munich_resident,car,154800.000,162701.000,163075.000,actstart,163075.000,true
"2984098",munich_resident,car,154800.000,163062.000,163951.000,actstart,163951.000,true
"298631",munich_resident,car,154800.000,168827.000,169626.000,actstart,169626.000,true
"2993758",munich_resident,car,154800.000,161787.000,161787.000,actstart,161787.000,true
"3010745",munich_resident,car,154800.000,162448.000,162448.000,actstart,162448.000,true
"3029877",munich_resident,car,154800.000,164256.000,164256.000,actstart,164256.000,true
"304236",munich_resident,car,154800.000,158460.000,158460.000,actstart,158460.000,true
"3046689",munich_resident,car,154800.000,155736.000,155736.000,actstart,155736.000,true
"3049239",munich_resident,car,154800.000,163280.000,163280.000,actstart,163280.000,true
"3062279",unresolved_background,car,154800.000,167020.000,167020.000,actstart,167020.000,true
"3065466",unresolved_background,car,154800.000,170027.000,170027.000,actstart,170027.000,true
"3068409",unresolved_background,car,154800.000,157270.000,157270.000,actstart,157270.000,true
"3074469",munich_resident,car,154800.000,164516.000,164516.000,actstart,164516.000,true
"3074528",munich_resident,car,154800.000,165992.000,165992.000,actstart,165992.000,true
"3103399",munich_resident,car,154800.000,165896.000,165896.000,actstart,165896.000,true
"3114005",unresolved_background,car,154800.000,165441.000,165441.000,actstart,165441.000,true
"3117275",munich_resident,car,154800.000,167226.000,167226.000,actstart,167226.000,true
"3118921",munich_resident,car,154800.000,155501.000,155501.000,actstart,155501.000,true
"3124632",munich_resident,car,154800.000,155162.000,155839.000,actstart,155839.000,true
"3131996",unresolved_background,car,154800.000,164334.000,164334.000,actstart,164334.000,true
"3132606",unresolved_background,car,154800.000,158787.000,158787.000,actstart,158787.000,true
"3140418",unresolved_background,car,154800.000,164015.000,164015.000,actstart,164015.000,true
"3143853",munich_resident,car,154800.000,170045.000,170045.000,actstart,170045.000,true
"3147743",munich_resident,car,154800.000,156280.000,157620.000,actstart,157620.000,true
"3148789",munich_resident,car,154800.000,165302.000,165302.000,actstart,165302.000,true
"3155926",munich_resident,car,154800.000,165683.000,165683.000,actstart,165683.000,true
"3158533",munich_resident,car,154800.000,169147.000,169147.000,actstart,169147.000,true
"3161645",munich_resident,car,154800.000,156482.000,156482.000,actstart,156482.000,true
"3163877",munich_resident,car,154800.000,163402.000,163402.000,actstart,163402.000,true
"3165218",unresolved_background,car,154800.000,160880.000,160880.000,actstart,160880.000,true
"3173343",unresolved_background,car,154800.000,159090.000,159090.000,actstart,159090.000,true
"3176920",unresolved_background,car,154800.000,172524.000,172524.000,actstart,172524.000,true
"3186215",munich_resident,car,154800.000,159618.000,159618.000,actstart,159618.000,true
"3190261",unresolved_background,car,154800.000,157065.000,157065.000,actstart,157065.000,true
"3190847",munich_resident,car,154800.000,170180.000,170180.000,actstart,170180.000,true
"3191799",unresolved_background,car,154800.000,159796.000,159796.000,actstart,159796.000,true
"3201497",unresolved_background,car,154800.000,170800.000,170800.000,actstart,170800.000,true
"3207104",unresolved_background,car,154800.000,166219.000,166219.000,actstart,166219.000,true
"3215069",munich_resident,car,154800.000,170289.000,170289.000,actstart,170289.000,true
"321663",munich_resident,car,154800.000,165420.000,165420.000,actstart,165420.000,true
"3228431",unresolved_background,car,154800.000,170624.000,170624.000,actstart,170624.000,true
"3234127",munich_resident,car,154800.000,163621.000,163621.000,actstart,163621.000,true
"3243923",unresolved_background,car,154800.000,158944.000,158944.000,actstart,158944.000,true
"3244434",munich_resident,car,154800.000,169701.000,170293.000,actstart,170293.000,true
"3247120",munich_resident,car,154800.000,162070.000,163158.000,actstart,163158.000,true
"3247950",munich_resident,car,154800.000,166825.000,166825.000,actstart,166825.000,true
"3249321",unresolved_background,car,154800.000,164379.000,164379.000,actstart,164379.000,true
"3253311",unresolved_background,car,154800.000,154981.000,154981.000,actstart,154981.000,true
"3256027",munich_resident,car,154800.000,161799.000,162470.000,actstart,162470.000,true
"327355",munich_resident,car,154800.000,165575.000,165575.000,actstart,165575.000,true
"3275603",munich_resident,car,154800.000,155776.000,156231.000,actstart,156231.000,true
"3281486",munich_resident,car,154800.000,155275.000,155275.000,actstart,155275.000,true
"3284412",munich_resident,car,154800.000,160153.000,160992.000,actstart,160992.000,true
"3285719",munich_resident,car,154800.000,159659.000,160757.000,actstart,160757.000,true
"3290548",munich_resident,car,154800.000,162628.000,162628.000,actstart,162628.000,true
"3298274",munich_resident,car,154800.000,160041.000,160041.000,actstart,160041.000,true
"3304255",munich_resident,car,154800.000,168360.000,168360.000,actstart,168360.000,true
"3308986",munich_resident,car,154800.000,159451.000,159451.000,actstart,159451.000,true
"3322335",munich_resident,car,154800.000,158364.000,158364.000,actstart,158364.000,true
"3325471",unresolved_background,car,154800.000,156974.000,156974.000,actstart,156974.000,true
"3325609",munich_resident,car,154800.000,159070.000,159070.000,actstart,159070.000,true
"3328826",munich_resident,car,154800.000,161965.000,161965.000,actstart,161965.000,true
"3329138",munich_resident,car,154800.000,169625.000,169625.000,actstart,169625.000,true
"334083",munich_resident,car,154800.000,159892.000,159892.000,actstart,159892.000,true
"3350898",unresolved_background,car,154800.000,171701.000,171701.000,actstart,171701.000,true
"3354901",munich_resident,car,154800.000,163977.000,163977.000,actstart,163977.000,true
"3358151",munich_resident,car,154800.000,160370.000,160370.000,actstart,160370.000,true
"3359012",munich_resident,car,154800.000,166847.000,167444.000,actstart,167444.000,true
"3361719",munich_resident,car,154800.000,162791.000,162791.000,actstart,162791.000,true
"3370981",unresolved_background,car,154800.000,157475.000,157475.000,actstart,157475.000,true
"3373962",munich_resident,car,154800.000,154860.000,154860.000,actstart,154860.000,true
"337683",munich_resident,car,154800.000,156766.000,156766.000,actstart,156766.000,true
"3380765",unresolved_background,car,154800.000,168723.000,168723.000,actstart,168723.000,true
"3386965",unresolved_background,car,154800.000,162030.000,162030.000,actstart,162030.000,true
"3388887",munich_resident,car,154800.000,171161.000,171161.000,actstart,171161.000,true
"339268",munich_resident,car,154800.000,161402.000,161402.000,actstart,161402.000,true
"3396903",munich_resident,car,154800.000,163353.000,163353.000,actstart,163353.000,true
"3409139",munich_resident,car,154800.000,170151.000,170901.000,actstart,170901.000,true
"3412512",munich_resident,car,154800.000,155393.000,156068.000,actstart,156068.000,true
"3423806",munich_resident,car,154800.000,162870.000,162870.000,actstart,162870.000,true
"3425550",munich_resident,car,154800.000,161479.000,162427.000,actstart,162427.000,true
"3437976",munich_resident,car,154800.000,165607.000,165607.000,actstart,165607.000,true
"3439194",munich_resident,car,154800.000,168411.000,168411.000,actstart,168411.000,true
"343932",munich_resident,car,154800.000,162124.000,162124.000,actstart,162124.000,true
"3442702",munich_resident,car,154800.000,168914.000,168914.000,actstart,168914.000,true
"3450123",munich_resident,car,154800.000,160372.000,160372.000,actstart,160372.000,true
"3452135",munich_resident,car,154800.000,166115.000,166115.000,actstart,166115.000,true
"3453701",munich_resident,car,154800.000,165580.000,165580.000,actstart,165580.000,true
"3477018",munich_resident,car,154800.000,167529.000,167529.000,actstart,167529.000,true
"3480813",munich_resident,car,154800.000,167753.000,167753.000,actstart,167753.000,true
"3481793",munich_resident,car,154800.000,166598.000,167374.000,actstart,167374.000,true
"3482753",munich_resident,car,154800.000,155406.000,156091.000,actstart,156091.000,true
"3495489",munich_resident,car,154800.000,164103.000,164103.000,actstart,164103.000,true
"3497887",unresolved_background,car,154800.000,170923.000,170923.000,actstart,170923.000,true
"3510211",munich_resident,car,154800.000,171798.000,171798.000,actstart,171798.000,true
"3521449",munich_resident,car,154800.000,170142.000,170142.000,actstart,170142.000,true
"3534837",unresolved_background,car,154800.000,166458.000,166458.000,actstart,166458.000,true
"3535053",unresolved_background,car,154800.000,167210.000,167210.000,actstart,167210.000,true
"3540434",munich_resident,car,154800.000,159378.000,159378.000,actstart,159378.000,true
"3547242",munich_resident,car,154800.000,171403.000,171403.000,actstart,171403.000,true
"3556670",munich_resident,car,154800.000,169049.000,169883.000,actstart,169883.000,true
"3557700",munich_resident,car,154800.000,164235.000,164235.000,actstart,164235.000,true
"3560970",munich_resident,car,154800.000,169419.000,169419.000,actstart,169419.000,true
"3560995",munich_resident,car,154800.000,156206.000,156206.000,actstart,156206.000,true
"3567165",munich_resident,car,154800.000,171336.000,171336.000,actstart,171336.000,true
"3570387",munich_resident,car,154800.000,170058.000,171187.000,actstart,171187.000,true
"3573607",unresolved_background,car,154800.000,156224.000,156224.000,actstart,156224.000,true
"3585239",munich_resident,car,154800.000,160566.000,160566.000,actstart,160566.000,true
"3593247",munich_resident,car,154800.000,168849.000,168849.000,actstart,168849.000,true
"359464",munich_resident,car,154800.000,157797.000,157797.000,actstart,157797.000,true
"3596726",munich_resident,car,154800.000,165303.000,165303.000,actstart,165303.000,true
"3601175",unresolved_background,car,154800.000,157979.000,157979.000,actstart,157979.000,true
"3604206",munich_resident,car,154800.000,157299.000,157299.000,actstart,157299.000,true
"3605455",munich_resident,car,154800.000,163452.000,163452.000,actstart,163452.000,true
"3612839",munich_resident,car,154800.000,163929.000,163929.000,actstart,163929.000,true
"3618317",munich_resident,car,154800.000,155636.000,155636.000,actstart,155636.000,true
"3618827",munich_resident,car,154800.000,169477.000,170144.000,actstart,170144.000,true
"3620414",munich_resident,car,154800.000,168233.000,168233.000,actstart,168233.000,true
"363924",munich_resident,car,154800.000,168543.000,168543.000,actstart,168543.000,true
"3655296",munich_resident,car,154800.000,156521.000,157626.000,actstart,157626.000,true
"3657696",munich_resident,car,154800.000,166371.000,167307.000,actstart,167307.000,true
"3663623",munich_resident,car,154800.000,165205.000,165205.000,actstart,165205.000,true
"3663847",munich_resident,car,154800.000,166644.000,167166.000,actstart,167166.000,true
"3666356",unresolved_background,car,154800.000,158534.000,158534.000,actstart,158534.000,true
"3671551",munich_resident,car,154800.000,172339.000,172339.000,actstart,172339.000,true
"3675531",unresolved_background,car,154800.000,170239.000,170239.000,actstart,170239.000,true
"3675997",munich_resident,car,154800.000,165091.000,165091.000,actstart,165091.000,true
"377402",munich_resident,car,154800.000,160428.000,160428.000,actstart,160428.000,true
"377473",munich_resident,car,154800.000,155169.000,155169.000,actstart,155169.000,true
"3782698",unresolved_background,car,154800.000,156136.000,156136.000,actstart,156136.000,true
"3838241",unresolved_background,car,154800.000,170537.000,170537.000,actstart,170537.000,true
"392977",munich_resident,car,154800.000,157631.000,157631.000,actstart,157631.000,true
"4032100",unresolved_background,car,154800.000,156490.000,156490.000,actstart,156490.000,true
"4071220",unresolved_background,car,154800.000,159650.000,159650.000,actstart,159650.000,true
"409727",munich_resident,car,154800.000,158611.000,158611.000,actstart,158611.000,true
"4185239",regional_background,car,154800.000,169769.000,169769.000,actstart,169769.000,true
"4200160",unresolved_background,walk,154800.000,164934.000,164934.000,actstart,164934.000,true
"421576",munich_resident,car,154800.000,162626.000,162626.000,actstart,162626.000,true
"4288119",regional_background,car,154800.000,158906.000,160898.000,actstart,160898.000,true
"4314660",regional_background,car,154800.000,156751.000,157623.000,actstart,157623.000,true
"432929",munich_resident,car,154800.000,170326.000,170326.000,actstart,170326.000,true
"4329601",regional_background,car,154800.000,170106.000,170106.000,actstart,170106.000,true
"4330676",regional_background,car,154800.000,156620.000,158214.000,actstart,158214.000,true
"4337197",regional_background,car,154800.000,155823.000,155823.000,actstart,155823.000,true
"4340742",regional_background,car,154800.000,157242.000,158619.000,actstart,158619.000,true
"4344742",regional_background,car,154800.000,156933.000,158344.000,actstart,158344.000,true
"4354463",regional_background,car,154800.000,165748.000,167122.000,actstart,167122.000,true
"4367937",regional_background,car,154800.000,156391.000,156391.000,actstart,156391.000,true
"4368845",unresolved_background,car,154800.000,164025.000,164025.000,actstart,164025.000,true
"4377111",regional_background,car,154800.000,156029.000,157753.000,actstart,157753.000,true
"4385612",regional_background,car,154800.000,157289.000,157289.000,actstart,157289.000,true
"4389794",regional_background,car,154800.000,157111.000,157111.000,actstart,157111.000,true
"439090",munich_resident,car,154800.000,155149.000,155149.000,actstart,155149.000,true
"439174",munich_resident,car,154800.000,159359.000,159359.000,actstart,159359.000,true
"4393531",regional_background,car,154800.000,155597.000,156682.000,actstart,156682.000,true
"4397593",regional_background,car,154800.000,157738.000,157738.000,actstart,157738.000,true
"4399587",regional_background,car,154800.000,156765.000,156765.000,actstart,156765.000,true
"440040",munich_resident,car,154800.000,166290.000,166290.000,actstart,166290.000,true
"4400661",regional_background,car,154800.000,161021.000,162202.000,actstart,162202.000,true
"4406673",regional_background,car,154800.000,171119.000,171119.000,actstart,171119.000,true
"4408645",regional_background,car,154800.000,171872.000,171872.000,actstart,171872.000,true
"4410303",regional_background,car,154800.000,172683.000,172683.000,actstart,172683.000,true
"4412000",regional_background,car,154800.000,155810.000,156927.000,actstart,156927.000,true
"4420042",regional_background,car,154800.000,170841.000,170841.000,actstart,170841.000,true
"4424116",regional_background,car,154800.000,157570.000,158447.000,actstart,158447.000,true
"4425608",regional_background,car,154800.000,156785.000,158005.000,actstart,158005.000,true
"4427717",regional_background,car,154800.000,160284.000,162072.000,actstart,162072.000,true
"4428496",regional_background,car,154800.000,159136.000,160660.000,actstart,160660.000,true
"4432071",regional_background,car,154800.000,160819.000,161958.000,actstart,161958.000,true
"4435248",regional_background,car,154800.000,158684.000,159628.000,actstart,159628.000,true
"4436358",regional_background,car,154800.000,159398.000,160779.000,actstart,160779.000,true
"4438723",regional_background,car,154800.000,157766.000,157766.000,actstart,157766.000,true
"4439422",regional_background,car,154800.000,159111.000,160627.000,actstart,160627.000,true
"4442993",regional_background,car,154800.000,158199.000,159325.000,actstart,159325.000,true
"4446033",regional_background,car,154800.000,155910.000,155910.000,actstart,155910.000,true
"4448048",regional_background,car,154800.000,157165.000,158855.000,actstart,158855.000,true
"4448313",regional_background,car,154800.000,161406.000,162977.000,actstart,162977.000,true
"4461565",regional_background,car,154800.000,161777.000,163226.000,actstart,163226.000,true
"4473994",regional_background,car,154800.000,156424.000,156424.000,actstart,156424.000,true
"4483115",regional_background,car,154800.000,157097.000,157097.000,actstart,157097.000,true
"4484441",regional_background,car,154800.000,166538.000,166538.000,actstart,166538.000,true
"4486964",regional_background,car,154800.000,157199.000,157199.000,actstart,157199.000,true
"4488003",regional_background,car,154800.000,157694.000,157694.000,actstart,157694.000,true
"4488061",regional_background,car,154800.000,158033.000,159236.000,actstart,159236.000,true
"4497380",regional_background,car,154800.000,172064.000,172064.000,actstart,172064.000,true
"4501778",unresolved_background,car,154800.000,157158.000,157158.000,actstart,157158.000,true
"451534",munich_resident,car,154800.000,158452.000,158452.000,actstart,158452.000,true
"4522983",unresolved_background,car,154800.000,155822.000,155822.000,actstart,155822.000,true
"4529321",unresolved_background,car,154800.000,156517.000,156517.000,actstart,156517.000,true
"4530336",unresolved_background,car,154800.000,157523.000,157523.000,actstart,157523.000,true
"4538522",regional_background,car,154800.000,161335.000,163455.000,actstart,163455.000,true
"4539857",regional_background,car,154800.000,156717.000,156717.000,actstart,156717.000,true
"4542573",regional_background,car,154800.000,156187.000,158181.000,actstart,158181.000,true
"4550623",unresolved_background,car,154800.000,156706.000,156706.000,actstart,156706.000,true
"4551756",unresolved_background,car,154800.000,158652.000,158652.000,actstart,158652.000,true
"4554909",unresolved_background,car,154800.000,160277.000,160277.000,actstart,160277.000,true
"4558527",regional_background,car,154800.000,156609.000,158628.000,actstart,158628.000,true
"456069",munich_resident,car,154800.000,164364.000,164364.000,actstart,164364.000,true
"4587471",unresolved_background,car,154800.000,161868.000,161868.000,actstart,161868.000,true
"4587734",unresolved_background,car,154800.000,158874.000,158874.000,actstart,158874.000,true
"4592872",unresolved_background,car,154800.000,155543.000,155543.000,actstart,155543.000,true
"4605198",unresolved_background,car,154800.000,159362.000,159362.000,actstart,159362.000,true
"4613579",unresolved_background,car,154800.000,159764.000,159764.000,actstart,159764.000,true
"4621935",unresolved_background,car,154800.000,161943.000,161943.000,actstart,161943.000,true
"4629863",regional_background,car,154800.000,160709.000,162329.000,actstart,162329.000,true
"4639279",unresolved_background,car,154800.000,162141.000,162141.000,actstart,162141.000,true
"4655333",unresolved_background,car,154800.000,161002.000,161002.000,actstart,161002.000,true
"4656706",unresolved_background,car,154800.000,168957.000,168957.000,actstart,168957.000,true
"466125",munich_resident,car,154800.000,171560.000,171560.000,actstart,171560.000,true
"4662174",regional_background,car,154800.000,163266.000,164337.000,actstart,164337.000,true
"4665144",unresolved_background,car,154800.000,157653.000,157653.000,actstart,157653.000,true
"4670159",unresolved_background,car,154800.000,159795.000,159795.000,actstart,159795.000,true
"4670344",unresolved_background,car,154800.000,161566.000,161566.000,actstart,161566.000,true
"467244",munich_resident,car,154800.000,164660.000,164660.000,actstart,164660.000,true
"4693957",regional_background,car,154800.000,158805.000,160258.000,actstart,160258.000,true
"4696603",regional_background,car,154800.000,158271.000,159838.000,actstart,159838.000,true
"4697623",unresolved_background,car,154800.000,167812.000,167812.000,actstart,167812.000,true
"4699514",unresolved_background,car,154800.000,165029.000,165029.000,actstart,165029.000,true
"4717047",unresolved_background,car,154800.000,163622.000,163622.000,actstart,163622.000,true
"4757295",unresolved_background,car,154800.000,171753.000,171753.000,actstart,171753.000,true
"4765857",unresolved_background,car,154800.000,170168.000,170168.000,actstart,170168.000,true
"476725",munich_resident,car,154800.000,158580.000,158580.000,actstart,158580.000,true
"4793910",regional_background,car,154800.000,154893.000,154893.000,actstart,154893.000,true
"4800906",unresolved_background,car,154800.000,157020.000,157020.000,actstart,157020.000,true
"4806993",unresolved_background,car,154800.000,155390.000,155390.000,actstart,155390.000,true
"4819544",unresolved_background,car,154800.000,161004.000,161004.000,actstart,161004.000,true
"4821122",unresolved_background,car,154800.000,160021.000,160021.000,actstart,160021.000,true
"4821694",unresolved_background,car,154800.000,162779.000,162779.000,actstart,162779.000,true
"4837935",unresolved_background,car,154800.000,170041.000,170041.000,actstart,170041.000,true
"484468",regional_background,walk,154800.000,167989.000,167989.000,actstart,167989.000,true
"4863886",regional_background,walk,154800.000,164695.000,164695.000,actstart,164695.000,true
"486520",munich_resident,car,154800.000,164893.000,164893.000,actstart,164893.000,true
"48706",munich_resident,car,154800.000,157015.000,157015.000,actstart,157015.000,true
"488707",munich_resident,car,154800.000,157250.000,157941.000,actstart,157941.000,true
"4903695",regional_background,car,154800.000,172029.000,172029.000,actstart,172029.000,true
"492530",munich_resident,car,154800.000,168934.000,168934.000,actstart,168934.000,true
"495877",munich_resident,car,154800.000,165800.000,165800.000,actstart,165800.000,true
"4976499",unresolved_background,car,154800.000,156158.000,156158.000,actstart,156158.000,true
"4991440",unresolved_background,car,154800.000,167469.000,167469.000,actstart,167469.000,true
"4997104",unresolved_background,car,154800.000,160867.000,160867.000,actstart,160867.000,true
"5024762",unresolved_background,car,154800.000,162003.000,162003.000,actstart,162003.000,true
"504337",munich_resident,car,154800.000,167250.000,167250.000,actstart,167250.000,true
"5063819",unresolved_background,car,154800.000,166327.000,166327.000,actstart,166327.000,true
"506539",munich_resident,car,154800.000,158327.000,158327.000,actstart,158327.000,true
"507169",munich_resident,car,154800.000,163513.000,163513.000,actstart,163513.000,true
"5078480",unresolved_background,car,154800.000,171121.000,171121.000,actstart,171121.000,true
"5091532",unresolved_background,car,154800.000,160298.000,160298.000,actstart,160298.000,true
"5097031",unresolved_background,car,154800.000,160719.000,160719.000,actstart,160719.000,true
"5101003",unresolved_background,car,154800.000,155513.000,155513.000,actstart,155513.000,true
"5109534",unresolved_background,car,154800.000,163859.000,163859.000,actstart,163859.000,true
"511845",munich_resident,car,154800.000,157205.000,157205.000,actstart,157205.000,true
"515958",munich_resident,car,154800.000,154998.000,154998.000,actstart,154998.000,true
"5164670",unresolved_background,car,154800.000,164664.000,164664.000,actstart,164664.000,true
"5171969",unresolved_background,car,154800.000,168188.000,168188.000,actstart,168188.000,true
"519516",munich_resident,car,154800.000,161582.000,161582.000,actstart,161582.000,true
"519583",munich_resident,car,154800.000,164933.000,164933.000,actstart,164933.000,true
"521022",munich_resident,car,154800.000,164911.000,164911.000,actstart,164911.000,true
"5245826",unresolved_background,walk,154800.000,164747.000,164747.000,actstart,164747.000,true
"5269597",unresolved_background,car,154800.000,167016.000,167016.000,actstart,167016.000,true
"528024",munich_resident,car,154800.000,155285.000,155285.000,actstart,155285.000,true
"5328104",unresolved_background,car,154800.000,161331.000,161331.000,actstart,161331.000,true
"5331387",regional_background,car,154800.000,165672.000,165672.000,actstart,165672.000,true
"5338354",regional_background,car,154800.000,169376.000,169376.000,actstart,169376.000,true
"5347212",unresolved_background,car,154800.000,155329.000,155329.000,actstart,155329.000,true
"5357563",unresolved_background,car,154800.000,159349.000,159349.000,actstart,159349.000,true
"5358342",regional_background,car,154800.000,164893.000,164893.000,actstart,164893.000,true
"5366525",unresolved_background,car,154800.000,160681.000,160681.000,actstart,160681.000,true
"540609",munich_resident,car,154800.000,163162.000,163162.000,actstart,163162.000,true
"5419773",regional_background,car,154800.000,155443.000,155443.000,actstart,155443.000,true
"5422523",regional_background,car,154800.000,171697.000,171697.000,actstart,171697.000,true
"542741",munich_resident,car,154800.000,164674.000,164674.000,actstart,164674.000,true
"5439859",regional_background,car,154800.000,158485.000,158485.000,actstart,158485.000,true
"5450448",regional_background,car,154800.000,155652.000,156846.000,actstart,156846.000,true
"5451206",regional_background,car,154800.000,159980.000,161333.000,actstart,161333.000,true
"5478455",unresolved_background,car,154800.000,168526.000,168526.000,actstart,168526.000,true
"5478705",regional_background,car,154800.000,155601.000,156558.000,actstart,156558.000,true
"54866",munich_resident,car,154800.000,165326.000,165326.000,actstart,165326.000,true
"5494740",unresolved_background,car,154800.000,158698.000,158698.000,actstart,158698.000,true
"5498431",unresolved_background,car,154800.000,155296.000,155296.000,actstart,155296.000,true
"5505221",unresolved_background,car,154800.000,167853.000,167853.000,actstart,167853.000,true
"5506482",munich_resident,car,154800.000,165675.000,166648.000,actstart,166648.000,true
"5530575",unresolved_background,car,154800.000,155579.000,155579.000,actstart,155579.000,true
"5532854",unresolved_background,car,154800.000,160543.000,160543.000,actstart,160543.000,true
"5552435",regional_background,walk,154800.000,156743.000,156743.000,actstart,156743.000,true
"5558294",regional_background,car,154800.000,160797.000,163056.000,actstart,163056.000,true
"5575636",regional_background,walk,154800.000,156378.000,156378.000,actstart,156378.000,true
"5584541",unresolved_background,car,154800.000,163676.000,163676.000,actstart,163676.000,true
"5593584",regional_background,car,154800.000,170762.000,171789.000,actstart,171789.000,true
"5600814",regional_background,car,154800.000,165257.000,165257.000,actstart,165257.000,true
"5619724",unresolved_background,car,154800.000,156003.000,156003.000,actstart,156003.000,true
"5629899",regional_background,car,154800.000,166948.000,168811.000,actstart,168811.000,true
"5642449",regional_background,car,154800.000,171221.000,171221.000,actstart,171221.000,true
"5654909",unresolved_background,car,154800.000,163780.000,163780.000,actstart,163780.000,true
"5657430",regional_background,car,154800.000,161834.000,161834.000,actstart,161834.000,true
"5693967",regional_background,car,154800.000,164796.000,165612.000,actstart,165612.000,true
"5703706",regional_background,car,154800.000,157112.000,158646.000,actstart,158646.000,true
"5704289",regional_background,car,154800.000,161920.000,162772.000,actstart,162772.000,true
"5717405",regional_background,car,154800.000,162515.000,163582.000,actstart,163582.000,true
"5745698",regional_background,car,154800.000,164781.000,164781.000,actstart,164781.000,true
"5753453",regional_background,car,154800.000,163081.000,163081.000,actstart,163081.000,true
"5768398",regional_background,car,154800.000,158045.000,159723.000,actstart,159723.000,true
"5774245",regional_background,car,154800.000,155141.000,155141.000,actstart,155141.000,true
"5811556",regional_background,car,154800.000,165597.000,165597.000,actstart,165597.000,true
"5817219",regional_background,car,154800.000,161056.000,161056.000,actstart,161056.000,true
"5822039",regional_background,car,154800.000,169226.000,170637.000,actstart,170637.000,true
"5824075",regional_background,car,154800.000,156829.000,158000.000,actstart,158000.000,true
"5839364",unresolved_background,car,154800.000,158398.000,158398.000,actstart,158398.000,true
"5857987",regional_background,car,154800.000,157548.000,158876.000,actstart,158876.000,true
"5858814",regional_background,car,154800.000,160766.000,161832.000,actstart,161832.000,true
"5861557",regional_background,car,154800.000,155885.000,155885.000,actstart,155885.000,true
"58655",munich_resident,car,154800.000,160302.000,160302.000,actstart,160302.000,true
"5875209",regional_background,car,154800.000,166961.000,168026.000,actstart,168026.000,true
"5881609",regional_background,car,154800.000,156710.000,157812.000,actstart,157812.000,true
"5883018",regional_background,car,154800.000,158143.000,159710.000,actstart,159710.000,true
"5889117",regional_background,car,154800.000,157266.000,158279.000,actstart,158279.000,true
"5897024",regional_background,car,154800.000,163421.000,163421.000,actstart,163421.000,true
"5904815",regional_background,car,154800.000,160000.000,160990.000,actstart,160990.000,true
"5922021",unresolved_background,car,154800.000,157351.000,157351.000,actstart,157351.000,true
"5929688",unresolved_background,car,154800.000,159223.000,159223.000,actstart,159223.000,true
"5941654",unresolved_background,car,154800.000,162091.000,162091.000,actstart,162091.000,true
"5956660",regional_background,car,154800.000,162483.000,163839.000,actstart,163839.000,true
"5966176",regional_background,car,154800.000,154866.000,156413.000,actstart,156413.000,true
"5972450",regional_background,car,154800.000,156387.000,157844.000,actstart,157844.000,true
"5973842",unresolved_background,car,154800.000,158809.000,158809.000,actstart,158809.000,true
"5982076",unresolved_background,car,154800.000,157648.000,157648.000,actstart,157648.000,true
"5985001",regional_background,car,154800.000,158182.000,159306.000,actstart,159306.000,true
"5989665",regional_background,car,154800.000,166132.000,166132.000,actstart,166132.000,true
"5991026",regional_background,car,154800.000,156582.000,157636.000,actstart,157636.000,true
"6008253",regional_background,car,154800.000,155240.000,155240.000,actstart,155240.000,true
"6008600",unresolved_background,car,154800.000,169409.000,169409.000,actstart,169409.000,true
"6014388",unresolved_background,car,154800.000,169516.000,169516.000,actstart,169516.000,true
"6015498",regional_background,car,154800.000,154960.000,154960.000,actstart,154960.000,true
"6035257",regional_background,car,154800.000,168416.000,169349.000,actstart,169349.000,true
"6040038",regional_background,car,154800.000,158090.000,159229.000,actstart,159229.000,true
"6042348",unresolved_background,car,154800.000,164134.000,164134.000,actstart,164134.000,true
"6060873",unresolved_background,car,154800.000,170697.000,170697.000,actstart,170697.000,true
"6065213",unresolved_background,car,154800.000,159319.000,159319.000,actstart,159319.000,true
"6079982",unresolved_background,car,154800.000,157214.000,157214.000,actstart,157214.000,true
"6081717",unresolved_background,car,154800.000,171753.000,171753.000,actstart,171753.000,true
"6091100",unresolved_background,car,154800.000,157255.000,157255.000,actstart,157255.000,true
"6131563",unresolved_background,car,154800.000,171821.000,171821.000,actstart,171821.000,true
"6141085",unresolved_background,car,154800.000,171345.000,171345.000,actstart,171345.000,true
"6146570",unresolved_background,car,154800.000,170948.000,170948.000,actstart,170948.000,true
"6149690",unresolved_background,car,154800.000,157471.000,157471.000,actstart,157471.000,true
"6154306",unresolved_background,car,154800.000,163610.000,163610.000,actstart,163610.000,true
"6159839",unresolved_background,car,154800.000,169991.000,169991.000,actstart,169991.000,true
"6167302",unresolved_background,car,154800.000,168478.000,168478.000,actstart,168478.000,true
"6174715",unresolved_background,car,154800.000,171700.000,171700.000,actstart,171700.000,true
"6181661",unresolved_background,car,154800.000,159334.000,159334.000,actstart,159334.000,true
"6202886",unresolved_background,car,154800.000,156367.000,156367.000,actstart,156367.000,true
"6210000",unresolved_background,car,154800.000,161596.000,161596.000,actstart,161596.000,true
"62362",munich_resident,car,154800.000,172211.000,172211.000,actstart,172211.000,true
"6237403",unresolved_background,car,154800.000,157270.000,157270.000,actstart,157270.000,true
"6243211",unresolved_background,car,154800.000,157244.000,157244.000,actstart,157244.000,true
"6253447",regional_background,walk,154800.000,157579.000,157579.000,actstart,157579.000,true
"6263599",unresolved_background,car,154800.000,154847.000,154847.000,actstart,154847.000,true
"6313098",unresolved_background,car,154800.000,169699.000,169699.000,actstart,169699.000,true
"63642",munich_resident,car,154800.000,161088.000,161088.000,actstart,161088.000,true
"6561951",unresolved_background,car,154800.000,155038.000,155038.000,actstart,155038.000,true
"6614781",unresolved_background,car,154800.000,155975.000,155975.000,actstart,155975.000,true
"6663264",unresolved_background,car,154800.000,165778.000,165778.000,actstart,165778.000,true
"6683873",unresolved_background,walk,154800.000,155896.000,155896.000,actstart,155896.000,true
"6705514",regional_background,car,154800.000,156885.000,156885.000,actstart,156885.000,true
"6711580",unresolved_background,car,154800.000,169537.000,169537.000,actstart,169537.000,true
"6728320",regional_background,walk,154800.000,157598.000,157598.000,actstart,157598.000,true
"6728456",regional_background,car,154800.000,156928.000,156928.000,actstart,156928.000,true
"6769417",regional_background,car,154800.000,160777.000,160777.000,actstart,160777.000,true
"6813032",regional_background,car,154800.000,158950.000,158950.000,actstart,158950.000,true
"68183",munich_resident,car,154800.000,159690.000,159690.000,actstart,159690.000,true
"688970",regional_background,car,154800.000,165311.000,165311.000,actstart,165311.000,true
"6935647",unresolved_background,car,154800.000,160401.000,160401.000,actstart,160401.000,true
"69462",munich_resident,car,154800.000,156614.000,156614.000,actstart,156614.000,true
"6977766",unresolved_background,car,154800.000,166360.000,166360.000,actstart,166360.000,true
"6978110",unresolved_background,car,154800.000,163963.000,163963.000,actstart,163963.000,true
"70138",munich_resident,car,154800.000,160685.000,160685.000,actstart,160685.000,true
"70221",munich_resident,car,154800.000,166099.000,166099.000,actstart,166099.000,true
"706763",regional_background,car,154800.000,172450.000,172450.000,actstart,172450.000,true
"7105294",unresolved_background,walk,154800.000,171816.000,171816.000,actstart,171816.000,true
"714035",regional_background,car,154800.000,171490.000,171490.000,actstart,171490.000,true
"7182756",regional_background,walk,154800.000,158784.000,158784.000,actstart,158784.000,true
"725016",regional_background,car,154800.000,157946.000,157946.000,actstart,157946.000,true
"727634",regional_background,car,154800.000,171819.000,171819.000,actstart,171819.000,true
"735546",regional_background,car,154800.000,158557.000,158557.000,actstart,158557.000,true
"76156",munich_resident,car,154800.000,166923.000,166923.000,actstart,166923.000,true
"77688",munich_resident,car,154800.000,154944.000,154944.000,actstart,154944.000,true
"86102",munich_resident,car,154800.000,156740.000,156740.000,actstart,156740.000,true
"87223",munich_resident,car,154800.000,163774.000,163774.000,actstart,163774.000,true
"88152",munich_resident,car,154800.000,159306.000,159306.000,actstart,159306.000,true
"891246",regional_background,car,154800.000,159553.000,161009.000,actstart,161009.000,true
"930847",regional_background,car,154800.000,172063.000,172063.000,actstart,172063.000,true
"951495",regional_background,car,154800.000,163535.000,163535.000,actstart,163535.000,true
