runtime_cohort,root_cause,cluster_type,link_or_stop_id,transit_line,transit_route,person_count
munich_resident,CAR_NO_PROGRESS_OR_NETWORK_CLUSTER,link,"419626","","",237
munich_resident,CAR_NO_PROGRESS_OR_NETWORK_CLUSTER,link,"16208","","",190
unresolved_background,CAR_NO_PROGRESS_OR_NETWORK_CLUSTER,link,"419626","","",110
munich_resident,CAR_NO_PROGRESS_OR_NETWORK_CLUSTER,link,"453133","","",109
unresolved_background,CAR_NO_PROGRESS_OR_NETWORK_CLUSTER,link,"16208","","",69
regional_background,CAR_NO_PROGRESS_OR_NETWORK_CLUSTER,link,"16208","","",58
regional_background,CAR_NO_PROGRESS_OR_NETWORK_CLUSTER,link,"419626","","",56
regional_background,CAR_NO_PROGRESS_OR_NETWORK_CLUSTER,link,"453133","","",32
regional_background,PT_NEVER_BOARDED,stop_or_route,"<none>","<none>","<none>",17
unresolved_background,CAR_NO_PROGRESS_OR_NETWORK_CLUSTER,link,"453133","","",6
munich_resident,PT_NEVER_BOARDED,stop_or_route,"106911","<none>","<none>",4
munich_resident,PT_NEVER_BOARDED,stop_or_route,"167614","<none>","<none>",4
munich_resident,PT_NEVER_BOARDED,stop_or_route,"106127.1","<none>","<none>",3
munich_resident,PT_NEVER_BOARDED,stop_or_route,"107866","<none>","<none>",3
munich_resident,PT_NEVER_BOARDED,stop_or_route,"108608","<none>","<none>",3
munich_resident,PT_NEVER_BOARDED,stop_or_route,"108858.1","<none>","<none>",3
regional_background,PT_NEVER_BOARDED,stop_or_route,"104292.2","<none>","<none>",3
regional_background,PT_BOARDED_NOT_ARRIVED,stop_or_route,"101826","XXX---161788_2","XXX---161788_2_21",3
munich_resident,PT_NEVER_BOARDED,stop_or_route,"106145","<none>","<none>",2
munich_resident,PT_NEVER_BOARDED,stop_or_route,"106154","<none>","<none>",2
munich_resident,PT_NEVER_BOARDED,stop_or_route,"106359","<none>","<none>",2
munich_resident,PT_NEVER_BOARDED,stop_or_route,"106399","<none>","<none>",2
munich_resident,PT_NEVER_BOARDED,stop_or_route,"106435","<none>","<none>",2
munich_resident,PT_NEVER_BOARDED,stop_or_route,"106467","<none>","<none>",2
munich_resident,PT_NEVER_BOARDED,stop_or_route,"106601","<none>","<none>",2
munich_resident,PT_NEVER_BOARDED,stop_or_route,"106691","<none>","<none>",2
munich_resident,PT_NEVER_BOARDED,stop_or_route,"106705","<none>","<none>",2
munich_resident,PT_NEVER_BOARDED,stop_or_route,"107362","<none>","<none>",2
munich_resident,PT_NEVER_BOARDED,stop_or_route,"107813","<none>","<none>",2
munich_resident,PT_NEVER_BOARDED,stop_or_route,"107821.2","<none>","<none>",2
munich_resident,PT_NEVER_BOARDED,stop_or_route,"107945","<none>","<none>",2
munich_resident,PT_NEVER_BOARDED,stop_or_route,"108233","<none>","<none>",2
munich_resident,PT_NEVER_BOARDED,stop_or_route,"108342","<none>","<none>",2
munich_resident,PT_NEVER_BOARDED,stop_or_route,"108345","<none>","<none>",2
munich_resident,PT_NEVER_BOARDED,stop_or_route,"108387","<none>","<none>",2
munich_resident,PT_NEVER_BOARDED,stop_or_route,"108467","<none>","<none>",2
munich_resident,PT_NEVER_BOARDED,stop_or_route,"108522","<none>","<none>",2
munich_resident,PT_NEVER_BOARDED,stop_or_route,"108672","<none>","<none>",2
munich_resident,PT_NEVER_BOARDED,stop_or_route,"109102","<none>","<none>",2
munich_resident,PT_NEVER_BOARDED,stop_or_route,"109366","<none>","<none>",2
munich_resident,PT_BOARDED_NOT_ARRIVED,stop_or_route,"6892.4","XXX---162455_109","XXX---162455_109_5",2
regional_background,PT_NEVER_BOARDED,stop_or_route,"106138","<none>","<none>",2
regional_background,PT_NEVER_BOARDED,stop_or_route,"127517.2","<none>","<none>",2
regional_background,PT_NEVER_BOARDED,stop_or_route,"12799.6","<none>","<none>",2
regional_background,PT_NEVER_BOARDED,stop_or_route,"168808","<none>","<none>",2
regional_background,PT_NEVER_BOARDED,stop_or_route,"3620","<none>","<none>",2
regional_background,PT_NEVER_BOARDED,stop_or_route,"65561","<none>","<none>",2
regional_background,PT_BOARDED_NOT_ARRIVED,stop_or_route,"101674.11","XXX---161788_2","XXX---161788_2_47",2
regional_background,PT_BOARDED_NOT_ARRIVED,stop_or_route,"101694","XXX---161788_2","XXX---161788_2_12",2
regional_background,PT_BOARDED_NOT_ARRIVED,stop_or_route,"106060","XXX---2272000_1","XXX---2272000_1_0",2
regional_background,PT_BOARDED_NOT_ARRIVED,stop_or_route,"149427","XXX---162461_109","XXX---162461_109_22",2
regional_background,PT_BOARDED_NOT_ARRIVED,stop_or_route,"4511","XXX---2268725_3","XXX---2268725_3_1",2
regional_background,PT_BOARDED_NOT_ARRIVED,stop_or_route,"70881.2","XXX---1989749_3","XXX---1989749_3_0",2
regional_background,PT_BOARDED_NOT_ARRIVED,stop_or_route,"9624","XXX---162460_109","XXX---162460_109_31",2
munich_resident,CAR_NO_PROGRESS_OR_NETWORK_CLUSTER,link,"120294","","",1
munich_resident,CAR_NO_PROGRESS_OR_NETWORK_CLUSTER,link,"164220","","",1
munich_resident,CAR_NO_PROGRESS_OR_NETWORK_CLUSTER,link,"271999","","",1
munich_resident,CAR_NO_PROGRESS_OR_NETWORK_CLUSTER,link,"330505","","",1
munich_resident,CAR_NO_PROGRESS_OR_NETWORK_CLUSTER,link,"344608","","",1
munich_resident,CAR_NO_PROGRESS_OR_NETWORK_CLUSTER,link,"367092","","",1
munich_resident,CAR_NO_PROGRESS_OR_NETWORK_CLUSTER,link,"412257","","",1
munich_resident,CAR_NO_PROGRESS_OR_NETWORK_CLUSTER,link,"421150","","",1
munich_resident,CAR_NO_PROGRESS_OR_NETWORK_CLUSTER,link,"425201","","",1
munich_resident,CAR_NO_PROGRESS_OR_NETWORK_CLUSTER,link,"453135","","",1
munich_resident,PT_NEVER_BOARDED,stop_or_route,"10251","<none>","<none>",1
munich_resident,PT_NEVER_BOARDED,stop_or_route,"105915.1","<none>","<none>",1
munich_resident,PT_NEVER_BOARDED,stop_or_route,"106052.2","<none>","<none>",1
munich_resident,PT_NEVER_BOARDED,stop_or_route,"106054","<none>","<none>",1
munich_resident,PT_NEVER_BOARDED,stop_or_route,"106078.1","<none>","<none>",1
munich_resident,PT_NEVER_BOARDED,stop_or_route,"106117.5","<none>","<none>",1
munich_resident,PT_NEVER_BOARDED,stop_or_route,"106135.1","<none>","<none>",1
munich_resident,PT_NEVER_BOARDED,stop_or_route,"106150","<none>","<none>",1
munich_resident,PT_NEVER_BOARDED,stop_or_route,"106158","<none>","<none>",1
munich_resident,PT_NEVER_BOARDED,stop_or_route,"106174","<none>","<none>",1
munich_resident,PT_NEVER_BOARDED,stop_or_route,"106208","<none>","<none>",1
munich_resident,PT_NEVER_BOARDED,stop_or_route,"106218.2","<none>","<none>",1
munich_resident,PT_NEVER_BOARDED,stop_or_route,"106225","<none>","<none>",1
munich_resident,PT_NEVER_BOARDED,stop_or_route,"106226.1","<none>","<none>",1
munich_resident,PT_NEVER_BOARDED,stop_or_route,"106249","<none>","<none>",1
munich_resident,PT_NEVER_BOARDED,stop_or_route,"106267","<none>","<none>",1
munich_resident,PT_NEVER_BOARDED,stop_or_route,"106273.2","<none>","<none>",1
munich_resident,PT_NEVER_BOARDED,stop_or_route,"106274.2","<none>","<none>",1
munich_resident,PT_NEVER_BOARDED,stop_or_route,"106275","<none>","<none>",1
munich_resident,PT_NEVER_BOARDED,stop_or_route,"106278.2","<none>","<none>",1
munich_resident,PT_NEVER_BOARDED,stop_or_route,"106312.1","<none>","<none>",1
munich_resident,PT_NEVER_BOARDED,stop_or_route,"106319.2","<none>","<none>",1
munich_resident,PT_NEVER_BOARDED,stop_or_route,"106332","<none>","<none>",1
munich_resident,PT_NEVER_BOARDED,stop_or_route,"106339","<none>","<none>",1
munich_resident,PT_NEVER_BOARDED,stop_or_route,"106343.1","<none>","<none>",1
munich_resident,PT_NEVER_BOARDED,stop_or_route,"106352","<none>","<none>",1
munich_resident,PT_NEVER_BOARDED,stop_or_route,"106355.1","<none>","<none>",1
munich_resident,PT_NEVER_BOARDED,stop_or_route,"106360","<none>","<none>",1
munich_resident,PT_NEVER_BOARDED,stop_or_route,"106362","<none>","<none>",1
munich_resident,PT_NEVER_BOARDED,stop_or_route,"106368","<none>","<none>",1
munich_resident,PT_NEVER_BOARDED,stop_or_route,"106375","<none>","<none>",1
munich_resident,PT_NEVER_BOARDED,stop_or_route,"106382","<none>","<none>",1
munich_resident,PT_NEVER_BOARDED,stop_or_route,"106382.2","<none>","<none>",1
munich_resident,PT_NEVER_BOARDED,stop_or_route,"106434.1","<none>","<none>",1
munich_resident,PT_NEVER_BOARDED,stop_or_route,"106480.1","<none>","<none>",1
munich_resident,PT_NEVER_BOARDED,stop_or_route,"106530.1","<none>","<none>",1
munich_resident,PT_NEVER_BOARDED,stop_or_route,"106531.3","<none>","<none>",1
munich_resident,PT_NEVER_BOARDED,stop_or_route,"106563","<none>","<none>",1
munich_resident,PT_NEVER_BOARDED,stop_or_route,"106584","<none>","<none>",1
munich_resident,PT_NEVER_BOARDED,stop_or_route,"106602","<none>","<none>",1
munich_resident,PT_NEVER_BOARDED,stop_or_route,"106662.2","<none>","<none>",1
munich_resident,PT_NEVER_BOARDED,stop_or_route,"106665","<none>","<none>",1
munich_resident,PT_NEVER_BOARDED,stop_or_route,"106666","<none>","<none>",1
munich_resident,PT_NEVER_BOARDED,stop_or_route,"106688","<none>","<none>",1
munich_resident,PT_NEVER_BOARDED,stop_or_route,"106690.1","<none>","<none>",1
munich_resident,PT_NEVER_BOARDED,stop_or_route,"106697.1","<none>","<none>",1
munich_resident,PT_NEVER_BOARDED,stop_or_route,"106717","<none>","<none>",1
munich_resident,PT_NEVER_BOARDED,stop_or_route,"106737","<none>","<none>",1
munich_resident,PT_NEVER_BOARDED,stop_or_route,"106863","<none>","<none>",1
munich_resident,PT_NEVER_BOARDED,stop_or_route,"106908","<none>","<none>",1
munich_resident,PT_NEVER_BOARDED,stop_or_route,"106920","<none>","<none>",1
munich_resident,PT_NEVER_BOARDED,stop_or_route,"106949","<none>","<none>",1
munich_resident,PT_NEVER_BOARDED,stop_or_route,"106952.1","<none>","<none>",1
munich_resident,PT_NEVER_BOARDED,stop_or_route,"106980.1","<none>","<none>",1
munich_resident,PT_NEVER_BOARDED,stop_or_route,"107019","<none>","<none>",1
munich_resident,PT_NEVER_BOARDED,stop_or_route,"107042","<none>","<none>",1
munich_resident,PT_NEVER_BOARDED,stop_or_route,"107162","<none>","<none>",1
munich_resident,PT_NEVER_BOARDED,stop_or_route,"107220.1","<none>","<none>",1
munich_resident,PT_NEVER_BOARDED,stop_or_route,"10723.1","<none>","<none>",1
munich_resident,PT_NEVER_BOARDED,stop_or_route,"107252.1","<none>","<none>",1
munich_resident,PT_NEVER_BOARDED,stop_or_route,"107254.1","<none>","<none>",1
munich_resident,PT_NEVER_BOARDED,stop_or_route,"107273","<none>","<none>",1
munich_resident,PT_NEVER_BOARDED,stop_or_route,"107347.2","<none>","<none>",1
munich_resident,PT_NEVER_BOARDED,stop_or_route,"107408","<none>","<none>",1
munich_resident,PT_NEVER_BOARDED,stop_or_route,"107469","<none>","<none>",1
munich_resident,PT_NEVER_BOARDED,stop_or_route,"107471","<none>","<none>",1
munich_resident,PT_NEVER_BOARDED,stop_or_route,"107493.2","<none>","<none>",1
munich_resident,PT_NEVER_BOARDED,stop_or_route,"107547","<none>","<none>",1
munich_resident,PT_NEVER_BOARDED,stop_or_route,"107619.2","<none>","<none>",1
munich_resident,PT_NEVER_BOARDED,stop_or_route,"107746","<none>","<none>",1
munich_resident,PT_NEVER_BOARDED,stop_or_route,"107751","<none>","<none>",1
munich_resident,PT_NEVER_BOARDED,stop_or_route,"107758.4","<none>","<none>",1
munich_resident,PT_NEVER_BOARDED,stop_or_route,"107761","<none>","<none>",1
munich_resident,PT_NEVER_BOARDED,stop_or_route,"107763","<none>","<none>",1
munich_resident,PT_NEVER_BOARDED,stop_or_route,"107781.2","<none>","<none>",1
munich_resident,PT_NEVER_BOARDED,stop_or_route,"107823","<none>","<none>",1
munich_resident,PT_NEVER_BOARDED,stop_or_route,"107826","<none>","<none>",1
munich_resident,PT_NEVER_BOARDED,stop_or_route,"107829.1","<none>","<none>",1
munich_resident,PT_NEVER_BOARDED,stop_or_route,"107837","<none>","<none>",1
munich_resident,PT_NEVER_BOARDED,stop_or_route,"107880","<none>","<none>",1
munich_resident,PT_NEVER_BOARDED,stop_or_route,"107941","<none>","<none>",1
munich_resident,PT_NEVER_BOARDED,stop_or_route,"107981","<none>","<none>",1
munich_resident,PT_NEVER_BOARDED,stop_or_route,"108194","<none>","<none>",1
munich_resident,PT_NEVER_BOARDED,stop_or_route,"108276","<none>","<none>",1
munich_resident,PT_NEVER_BOARDED,stop_or_route,"108318","<none>","<none>",1
munich_resident,PT_NEVER_BOARDED,stop_or_route,"108378.1","<none>","<none>",1
munich_resident,PT_NEVER_BOARDED,stop_or_route,"108392","<none>","<none>",1
munich_resident,PT_NEVER_BOARDED,stop_or_route,"108446","<none>","<none>",1
munich_resident,PT_NEVER_BOARDED,stop_or_route,"108471.3","<none>","<none>",1
munich_resident,PT_NEVER_BOARDED,stop_or_route,"108523","<none>","<none>",1
munich_resident,PT_NEVER_BOARDED,stop_or_route,"108529","<none>","<none>",1
munich_resident,PT_NEVER_BOARDED,stop_or_route,"108544","<none>","<none>",1
munich_resident,PT_NEVER_BOARDED,stop_or_route,"108574","<none>","<none>",1
munich_resident,PT_NEVER_BOARDED,stop_or_route,"108605","<none>","<none>",1
munich_resident,PT_NEVER_BOARDED,stop_or_route,"108673.1","<none>","<none>",1
munich_resident,PT_NEVER_BOARDED,stop_or_route,"108704","<none>","<none>",1
munich_resident,PT_NEVER_BOARDED,stop_or_route,"108711","<none>","<none>",1
munich_resident,PT_NEVER_BOARDED,stop_or_route,"108742","<none>","<none>",1
munich_resident,PT_NEVER_BOARDED,stop_or_route,"108746","<none>","<none>",1
munich_resident,PT_NEVER_BOARDED,stop_or_route,"108810","<none>","<none>",1
munich_resident,PT_NEVER_BOARDED,stop_or_route,"108831","<none>","<none>",1
munich_resident,PT_NEVER_BOARDED,stop_or_route,"108836.2","<none>","<none>",1
munich_resident,PT_NEVER_BOARDED,stop_or_route,"108882","<none>","<none>",1
munich_resident,PT_NEVER_BOARDED,stop_or_route,"108933","<none>","<none>",1
munich_resident,PT_NEVER_BOARDED,stop_or_route,"108941","<none>","<none>",1
munich_resident,PT_NEVER_BOARDED,stop_or_route,"109003","<none>","<none>",1
munich_resident,PT_NEVER_BOARDED,stop_or_route,"109019","<none>","<none>",1
munich_resident,PT_NEVER_BOARDED,stop_or_route,"109040.1","<none>","<none>",1
munich_resident,PT_NEVER_BOARDED,stop_or_route,"109213","<none>","<none>",1
munich_resident,PT_NEVER_BOARDED,stop_or_route,"109243","<none>","<none>",1
munich_resident,PT_NEVER_BOARDED,stop_or_route,"109251.1","<none>","<none>",1
munich_resident,PT_NEVER_BOARDED,stop_or_route,"109273.1","<none>","<none>",1
munich_resident,PT_NEVER_BOARDED,stop_or_route,"109295","<none>","<none>",1
munich_resident,PT_NEVER_BOARDED,stop_or_route,"109340","<none>","<none>",1
munich_resident,PT_NEVER_BOARDED,stop_or_route,"109345","<none>","<none>",1
munich_resident,PT_NEVER_BOARDED,stop_or_route,"109360","<none>","<none>",1
munich_resident,PT_NEVER_BOARDED,stop_or_route,"109389","<none>","<none>",1
munich_resident,PT_NEVER_BOARDED,stop_or_route,"109500","<none>","<none>",1
munich_resident,PT_NEVER_BOARDED,stop_or_route,"109548.1","<none>","<none>",1
munich_resident,PT_NEVER_BOARDED,stop_or_route,"109702.1","<none>","<none>",1
munich_resident,PT_NEVER_BOARDED,stop_or_route,"109726","<none>","<none>",1
munich_resident,PT_NEVER_BOARDED,stop_or_route,"109917","<none>","<none>",1
munich_resident,PT_NEVER_BOARDED,stop_or_route,"109956","<none>","<none>",1
munich_resident,PT_NEVER_BOARDED,stop_or_route,"109964","<none>","<none>",1
munich_resident,PT_NEVER_BOARDED,stop_or_route,"11041","<none>","<none>",1
munich_resident,PT_NEVER_BOARDED,stop_or_route,"11041.3","<none>","<none>",1
munich_resident,PT_NEVER_BOARDED,stop_or_route,"11637","<none>","<none>",1
munich_resident,PT_NEVER_BOARDED,stop_or_route,"11710.7","<none>","<none>",1
munich_resident,PT_NEVER_BOARDED,stop_or_route,"12322","<none>","<none>",1
munich_resident,PT_NEVER_BOARDED,stop_or_route,"12817.3","<none>","<none>",1
munich_resident,PT_NEVER_BOARDED,stop_or_route,"12832.1","<none>","<none>",1
munich_resident,PT_NEVER_BOARDED,stop_or_route,"13544","<none>","<none>",1
munich_resident,PT_NEVER_BOARDED,stop_or_route,"14151","<none>","<none>",1
munich_resident,PT_NEVER_BOARDED,stop_or_route,"142509.5","<none>","<none>",1
munich_resident,PT_NEVER_BOARDED,stop_or_route,"149451","<none>","<none>",1
munich_resident,PT_NEVER_BOARDED,stop_or_route,"175997","<none>","<none>",1
munich_resident,PT_NEVER_BOARDED,stop_or_route,"180819","<none>","<none>",1
munich_resident,PT_NEVER_BOARDED,stop_or_route,"180825","<none>","<none>",1
munich_resident,PT_NEVER_BOARDED,stop_or_route,"183121","<none>","<none>",1
munich_resident,PT_NEVER_BOARDED,stop_or_route,"5126.1","<none>","<none>",1
munich_resident,PT_NEVER_BOARDED,stop_or_route,"5142","<none>","<none>",1
munich_resident,PT_NEVER_BOARDED,stop_or_route,"5974","<none>","<none>",1
munich_resident,PT_NEVER_BOARDED,stop_or_route,"6047","<none>","<none>",1
munich_resident,PT_NEVER_BOARDED,stop_or_route,"6234","<none>","<none>",1
munich_resident,PT_NEVER_BOARDED,stop_or_route,"62639.2","<none>","<none>",1
munich_resident,PT_NEVER_BOARDED,stop_or_route,"9396","<none>","<none>",1
munich_resident,PT_NEVER_BOARDED,stop_or_route,"9565","<none>","<none>",1
munich_resident,PT_NEVER_BOARDED,stop_or_route,"9673.2","<none>","<none>",1
munich_resident,PT_BOARDED_NOT_ARRIVED,stop_or_route,"106049.1","XXX---162458_109","XXX---162458_109_4",1
munich_resident,PT_BOARDED_NOT_ARRIVED,stop_or_route,"106049.2","XXX---162456_109","XXX---162456_109_24",1
munich_resident,PT_BOARDED_NOT_ARRIVED,stop_or_route,"106049.2","XXX---162456_109","XXX---162456_109_29",1
munich_resident,PT_BOARDED_NOT_ARRIVED,stop_or_route,"106051","XXX---162462_109","XXX---162462_109_1",1
munich_resident,PT_BOARDED_NOT_ARRIVED,stop_or_route,"106053","XXX---162455_109","XXX---162455_109_15",1
munich_resident,PT_BOARDED_NOT_ARRIVED,stop_or_route,"106053","XXX---162460_109","XXX---162460_109_11",1
munich_resident,PT_BOARDED_NOT_ARRIVED,stop_or_route,"106053","XXX---162461_109","XXX---162461_109_23",1
munich_resident,PT_BOARDED_NOT_ARRIVED,stop_or_route,"106055","XXX---162456_109","XXX---162456_109_11",1
munich_resident,PT_BOARDED_NOT_ARRIVED,stop_or_route,"106055","XXX---162456_109","XXX---162456_109_29",1
munich_resident,PT_BOARDED_NOT_ARRIVED,stop_or_route,"106055","XXX---162462_109","XXX---162462_109_11",1
munich_resident,PT_BOARDED_NOT_ARRIVED,stop_or_route,"106055","XXX---162462_109","XXX---162462_109_26",1
munich_resident,PT_BOARDED_NOT_ARRIVED,stop_or_route,"106055.1","XXX---162462_109","XXX---162462_109_26",1
munich_resident,PT_BOARDED_NOT_ARRIVED,stop_or_route,"106056","XXX---162456_109","XXX---162456_109_18",1
munich_resident,PT_BOARDED_NOT_ARRIVED,stop_or_route,"106056","XXX---162461_109","XXX---162461_109_22",1
munich_resident,PT_BOARDED_NOT_ARRIVED,stop_or_route,"106061","XXX---162456_109","XXX---162456_109_11",1
munich_resident,PT_BOARDED_NOT_ARRIVED,stop_or_route,"106062","XXX---162460_109","XXX---162460_109_16",1
munich_resident,PT_BOARDED_NOT_ARRIVED,stop_or_route,"106070","XXX---2272005_0","XXX---2272005_0_1",1
munich_resident,PT_BOARDED_NOT_ARRIVED,stop_or_route,"106090","XXX---2271995_1","XXX---2271995_1_7",1
munich_resident,PT_BOARDED_NOT_ARRIVED,stop_or_route,"106091","XXX---162456_109","XXX---162456_109_11",1
munich_resident,PT_BOARDED_NOT_ARRIVED,stop_or_route,"106091","XXX---2271998_1","XXX---2271998_1_5",1
munich_resident,PT_BOARDED_NOT_ARRIVED,stop_or_route,"106092","XXX---2271999_1","XXX---2271999_1_0",1
munich_resident,PT_BOARDED_NOT_ARRIVED,stop_or_route,"106108","XXX---162462_109","XXX---162462_109_26",1
munich_resident,PT_BOARDED_NOT_ARRIVED,stop_or_route,"106214","XXX---162458_109","XXX---162458_109_28",1
munich_resident,PT_BOARDED_NOT_ARRIVED,stop_or_route,"106214","XXX---162462_109","XXX---162462_109_1",1
munich_resident,PT_BOARDED_NOT_ARRIVED,stop_or_route,"106215.1","XXX---162462_109","XXX---162462_109_25",1
munich_resident,PT_BOARDED_NOT_ARRIVED,stop_or_route,"106437","XXX---162308_101","XXX---162308_101_0",1
munich_resident,PT_BOARDED_NOT_ARRIVED,stop_or_route,"106645","XXX---2272043_3","XXX---2272043_3_6",1
munich_resident,PT_BOARDED_NOT_ARRIVED,stop_or_route,"106677","XXX---2272010_0","XXX---2272010_0_1",1
munich_resident,PT_BOARDED_NOT_ARRIVED,stop_or_route,"106861","XXX---162455_109","XXX---162455_109_5",1
munich_resident,PT_BOARDED_NOT_ARRIVED,stop_or_route,"106949","XXX---162455_109","XXX---162455_109_2",1
munich_resident,PT_BOARDED_NOT_ARRIVED,stop_or_route,"106952.1","XXX---162455_109","XXX---162455_109_0",1
munich_resident,PT_BOARDED_NOT_ARRIVED,stop_or_route,"107074.2","XXX---2271995_1","XXX---2271995_1_0",1
munich_resident,PT_BOARDED_NOT_ARRIVED,stop_or_route,"107075.1","XXX---2271997_1","XXX---2271997_1_3",1
munich_resident,PT_BOARDED_NOT_ARRIVED,stop_or_route,"107351","XXX---2272000_1","XXX---2272000_1_25",1
munich_resident,PT_BOARDED_NOT_ARRIVED,stop_or_route,"107474.2","XXX---2271998_1","XXX---2271998_1_4",1
munich_resident,PT_BOARDED_NOT_ARRIVED,stop_or_route,"107995.1","XXX---2271996_1","XXX---2271996_1_9",1
munich_resident,PT_BOARDED_NOT_ARRIVED,stop_or_route,"108019","XXX---2272106_3","XXX---2272106_3_1",1
munich_resident,PT_BOARDED_NOT_ARRIVED,stop_or_route,"108501.1","XXX---2271996_1","XXX---2271996_1_14",1
munich_resident,PT_BOARDED_NOT_ARRIVED,stop_or_route,"108503","XXX---2271996_1","XXX---2271996_1_9",1
munich_resident,PT_BOARDED_NOT_ARRIVED,stop_or_route,"108507","XXX---162461_109","XXX---162461_109_6",1
munich_resident,PT_BOARDED_NOT_ARRIVED,stop_or_route,"108569","XXX---162461_109","XXX---162461_109_13",1
munich_resident,PT_BOARDED_NOT_ARRIVED,stop_or_route,"108588","XXX---2271997_1","XXX---2271997_1_14",1
munich_resident,PT_BOARDED_NOT_ARRIVED,stop_or_route,"108614.3","XXX---2271999_1","XXX---2271999_1_4",1
munich_resident,PT_BOARDED_NOT_ARRIVED,stop_or_route,"109680","XXX---2272078_3","XXX---2272078_3_3",1
munich_resident,PT_BOARDED_NOT_ARRIVED,stop_or_route,"109703","XXX---2272074_3","XXX---2272074_3_8",1
munich_resident,PT_BOARDED_NOT_ARRIVED,stop_or_route,"109794.2","XXX---162456_109","XXX---162456_109_20",1
munich_resident,PT_BOARDED_NOT_ARRIVED,stop_or_route,"109809","XXX---162456_109","XXX---162456_109_8",1
munich_resident,PT_BOARDED_NOT_ARRIVED,stop_or_route,"11627.4","XXX---2268730_3","XXX---2268730_3_0",1
munich_resident,PT_BOARDED_NOT_ARRIVED,stop_or_route,"12015.2","XXX---2268736_3","XXX---2268736_3_2",1
munich_resident,PT_BOARDED_NOT_ARRIVED,stop_or_route,"12799.4","XXX---2268802_3","XXX---2268802_3_1",1
munich_resident,PT_BOARDED_NOT_ARRIVED,stop_or_route,"143652","XXX---162007_2_1158069900","XXX---162007_2_1158069900_5",1
munich_resident,PT_BOARDED_NOT_ARRIVED,stop_or_route,"5974","XXX---2268559_3","XXX---2268559_3_1",1
regional_background,CAR_NO_PROGRESS_OR_NETWORK_CLUSTER,link,"102734","","",1
regional_background,CAR_NO_PROGRESS_OR_NETWORK_CLUSTER,link,"11382","","",1
regional_background,CAR_NO_PROGRESS_OR_NETWORK_CLUSTER,link,"145595","","",1
regional_background,CAR_NO_PROGRESS_OR_NETWORK_CLUSTER,link,"146835","","",1
regional_background,CAR_NO_PROGRESS_OR_NETWORK_CLUSTER,link,"16209","","",1
regional_background,CAR_NO_PROGRESS_OR_NETWORK_CLUSTER,link,"210926","","",1
regional_background,CAR_NO_PROGRESS_OR_NETWORK_CLUSTER,link,"248069","","",1
regional_background,CAR_NO_PROGRESS_OR_NETWORK_CLUSTER,link,"260708","","",1
regional_background,CAR_NO_PROGRESS_OR_NETWORK_CLUSTER,link,"263362","","",1
regional_background,CAR_NO_PROGRESS_OR_NETWORK_CLUSTER,link,"318877","","",1
regional_background,CAR_NO_PROGRESS_OR_NETWORK_CLUSTER,link,"364103","","",1
regional_background,CAR_NO_PROGRESS_OR_NETWORK_CLUSTER,link,"434028","","",1
regional_background,CAR_NO_PROGRESS_OR_NETWORK_CLUSTER,link,"455773","","",1
regional_background,CAR_NO_PROGRESS_OR_NETWORK_CLUSTER,link,"60579","","",1
regional_background,CAR_NO_PROGRESS_OR_NETWORK_CLUSTER,link,"91707","","",1
regional_background,PT_NEVER_BOARDED,stop_or_route,"101742","<none>","<none>",1
regional_background,PT_NEVER_BOARDED,stop_or_route,"101742.1","<none>","<none>",1
regional_background,PT_NEVER_BOARDED,stop_or_route,"101743.1","<none>","<none>",1
regional_background,PT_NEVER_BOARDED,stop_or_route,"101754","<none>","<none>",1
regional_background,PT_NEVER_BOARDED,stop_or_route,"101803.1","<none>","<none>",1
regional_background,PT_NEVER_BOARDED,stop_or_route,"101803.3","<none>","<none>",1
regional_background,PT_NEVER_BOARDED,stop_or_route,"101939.1","<none>","<none>",1
regional_background,PT_NEVER_BOARDED,stop_or_route,"102066.5","<none>","<none>",1
regional_background,PT_NEVER_BOARDED,stop_or_route,"102104.5","<none>","<none>",1
regional_background,PT_NEVER_BOARDED,stop_or_route,"102197.2","<none>","<none>",1
regional_background,PT_NEVER_BOARDED,stop_or_route,"102375","<none>","<none>",1
regional_background,PT_NEVER_BOARDED,stop_or_route,"102538","<none>","<none>",1
regional_background,PT_NEVER_BOARDED,stop_or_route,"10272","<none>","<none>",1
regional_background,PT_NEVER_BOARDED,stop_or_route,"10304","<none>","<none>",1
regional_background,PT_NEVER_BOARDED,stop_or_route,"104225.1","<none>","<none>",1
regional_background,PT_NEVER_BOARDED,stop_or_route,"104290","<none>","<none>",1
regional_background,PT_NEVER_BOARDED,stop_or_route,"104291.1","<none>","<none>",1
regional_background,PT_NEVER_BOARDED,stop_or_route,"104291.2","<none>","<none>",1
regional_background,PT_NEVER_BOARDED,stop_or_route,"10462.1","<none>","<none>",1
regional_background,PT_NEVER_BOARDED,stop_or_route,"104908","<none>","<none>",1
regional_background,PT_NEVER_BOARDED,stop_or_route,"10508","<none>","<none>",1
regional_background,PT_NEVER_BOARDED,stop_or_route,"105110.6","<none>","<none>",1
regional_background,PT_NEVER_BOARDED,stop_or_route,"106046.1","<none>","<none>",1
regional_background,PT_NEVER_BOARDED,stop_or_route,"106077.10","<none>","<none>",1
regional_background,PT_NEVER_BOARDED,stop_or_route,"106077.7","<none>","<none>",1
regional_background,PT_NEVER_BOARDED,stop_or_route,"106077.9","<none>","<none>",1
regional_background,PT_NEVER_BOARDED,stop_or_route,"106130.21","<none>","<none>",1
regional_background,PT_NEVER_BOARDED,stop_or_route,"106218.2","<none>","<none>",1
regional_background,PT_NEVER_BOARDED,stop_or_route,"106258.1","<none>","<none>",1
regional_background,PT_NEVER_BOARDED,stop_or_route,"106258.2","<none>","<none>",1
regional_background,PT_NEVER_BOARDED,stop_or_route,"106319.2","<none>","<none>",1
regional_background,PT_NEVER_BOARDED,stop_or_route,"106361","<none>","<none>",1
regional_background,PT_NEVER_BOARDED,stop_or_route,"106483","<none>","<none>",1
regional_background,PT_NEVER_BOARDED,stop_or_route,"106560","<none>","<none>",1
regional_background,PT_NEVER_BOARDED,stop_or_route,"106697.1","<none>","<none>",1
regional_background,PT_NEVER_BOARDED,stop_or_route,"106899","<none>","<none>",1
regional_background,PT_NEVER_BOARDED,stop_or_route,"106929","<none>","<none>",1
regional_background,PT_NEVER_BOARDED,stop_or_route,"107220.1","<none>","<none>",1
regional_background,PT_NEVER_BOARDED,stop_or_route,"107263","<none>","<none>",1
regional_background,PT_NEVER_BOARDED,stop_or_route,"107351.1","<none>","<none>",1
regional_background,PT_NEVER_BOARDED,stop_or_route,"107748.1","<none>","<none>",1
regional_background,PT_NEVER_BOARDED,stop_or_route,"107753","<none>","<none>",1
regional_background,PT_NEVER_BOARDED,stop_or_route,"107819","<none>","<none>",1
regional_background,PT_NEVER_BOARDED,stop_or_route,"107830","<none>","<none>",1
regional_background,PT_NEVER_BOARDED,stop_or_route,"107837","<none>","<none>",1
regional_background,PT_NEVER_BOARDED,stop_or_route,"107948","<none>","<none>",1
regional_background,PT_NEVER_BOARDED,stop_or_route,"108287.1","<none>","<none>",1
regional_background,PT_NEVER_BOARDED,stop_or_route,"108428","<none>","<none>",1
regional_background,PT_NEVER_BOARDED,stop_or_route,"108541","<none>","<none>",1
regional_background,PT_NEVER_BOARDED,stop_or_route,"108813","<none>","<none>",1
regional_background,PT_NEVER_BOARDED,stop_or_route,"108879","<none>","<none>",1
regional_background,PT_NEVER_BOARDED,stop_or_route,"108994.1","<none>","<none>",1
regional_background,PT_NEVER_BOARDED,stop_or_route,"109033","<none>","<none>",1
regional_background,PT_NEVER_BOARDED,stop_or_route,"109045.2","<none>","<none>",1
regional_background,PT_NEVER_BOARDED,stop_or_route,"109064","<none>","<none>",1
regional_background,PT_NEVER_BOARDED,stop_or_route,"109204","<none>","<none>",1
regional_background,PT_NEVER_BOARDED,stop_or_route,"109210","<none>","<none>",1
regional_background,PT_NEVER_BOARDED,stop_or_route,"109223","<none>","<none>",1
regional_background,PT_NEVER_BOARDED,stop_or_route,"109247","<none>","<none>",1
regional_background,PT_NEVER_BOARDED,stop_or_route,"109351","<none>","<none>",1
regional_background,PT_NEVER_BOARDED,stop_or_route,"109557.1","<none>","<none>",1
regional_background,PT_NEVER_BOARDED,stop_or_route,"109640.1","<none>","<none>",1
regional_background,PT_NEVER_BOARDED,stop_or_route,"11439.1","<none>","<none>",1
regional_background,PT_NEVER_BOARDED,stop_or_route,"11448","<none>","<none>",1
regional_background,PT_NEVER_BOARDED,stop_or_route,"11484","<none>","<none>",1
regional_background,PT_NEVER_BOARDED,stop_or_route,"11994.1","<none>","<none>",1
regional_background,PT_NEVER_BOARDED,stop_or_route,"12104.1","<none>","<none>",1
regional_background,PT_NEVER_BOARDED,stop_or_route,"12112","<none>","<none>",1
regional_background,PT_NEVER_BOARDED,stop_or_route,"127169","<none>","<none>",1
regional_background,PT_NEVER_BOARDED,stop_or_route,"127172","<none>","<none>",1
regional_background,PT_NEVER_BOARDED,stop_or_route,"127231.2","<none>","<none>",1
regional_background,PT_NEVER_BOARDED,stop_or_route,"127249","<none>","<none>",1
regional_background,PT_NEVER_BOARDED,stop_or_route,"127270.1","<none>","<none>",1
regional_background,PT_NEVER_BOARDED,stop_or_route,"127352","<none>","<none>",1
regional_background,PT_NEVER_BOARDED,stop_or_route,"12738","<none>","<none>",1
regional_background,PT_NEVER_BOARDED,stop_or_route,"127538","<none>","<none>",1
regional_background,PT_NEVER_BOARDED,stop_or_route,"127927","<none>","<none>",1
regional_background,PT_NEVER_BOARDED,stop_or_route,"127969.2","<none>","<none>",1
regional_background,PT_NEVER_BOARDED,stop_or_route,"12799.4","<none>","<none>",1
regional_background,PT_NEVER_BOARDED,stop_or_route,"128130","<none>","<none>",1
regional_background,PT_NEVER_BOARDED,stop_or_route,"128132","<none>","<none>",1
regional_background,PT_NEVER_BOARDED,stop_or_route,"128163.2","<none>","<none>",1
regional_background,PT_NEVER_BOARDED,stop_or_route,"128319","<none>","<none>",1
regional_background,PT_NEVER_BOARDED,stop_or_route,"128325","<none>","<none>",1
regional_background,PT_NEVER_BOARDED,stop_or_route,"128343","<none>","<none>",1
regional_background,PT_NEVER_BOARDED,stop_or_route,"128766.1","<none>","<none>",1
regional_background,PT_NEVER_BOARDED,stop_or_route,"128988.2","<none>","<none>",1
regional_background,PT_NEVER_BOARDED,stop_or_route,"128998","<none>","<none>",1
regional_background,PT_NEVER_BOARDED,stop_or_route,"129186","<none>","<none>",1
regional_background,PT_NEVER_BOARDED,stop_or_route,"129200.1","<none>","<none>",1
regional_background,PT_NEVER_BOARDED,stop_or_route,"12958.5","<none>","<none>",1
regional_background,PT_NEVER_BOARDED,stop_or_route,"13072.2","<none>","<none>",1
regional_background,PT_NEVER_BOARDED,stop_or_route,"13217","<none>","<none>",1
regional_background,PT_NEVER_BOARDED,stop_or_route,"13324","<none>","<none>",1
regional_background,PT_NEVER_BOARDED,stop_or_route,"134315","<none>","<none>",1
regional_background,PT_NEVER_BOARDED,stop_or_route,"13495","<none>","<none>",1
regional_background,PT_NEVER_BOARDED,stop_or_route,"135395.2","<none>","<none>",1
regional_background,PT_NEVER_BOARDED,stop_or_route,"135420","<none>","<none>",1
regional_background,PT_NEVER_BOARDED,stop_or_route,"135754","<none>","<none>",1
regional_background,PT_NEVER_BOARDED,stop_or_route,"136071","<none>","<none>",1
regional_background,PT_NEVER_BOARDED,stop_or_route,"136313","<none>","<none>",1
regional_background,PT_NEVER_BOARDED,stop_or_route,"136532","<none>","<none>",1
regional_background,PT_NEVER_BOARDED,stop_or_route,"136628","<none>","<none>",1
regional_background,PT_NEVER_BOARDED,stop_or_route,"136827","<none>","<none>",1
regional_background,PT_NEVER_BOARDED,stop_or_route,"136860.3","<none>","<none>",1
regional_background,PT_NEVER_BOARDED,stop_or_route,"136879.1","<none>","<none>",1
regional_background,PT_NEVER_BOARDED,stop_or_route,"136946","<none>","<none>",1
regional_background,PT_NEVER_BOARDED,stop_or_route,"136969","<none>","<none>",1
regional_background,PT_NEVER_BOARDED,stop_or_route,"137057","<none>","<none>",1
regional_background,PT_NEVER_BOARDED,stop_or_route,"13808.1","<none>","<none>",1
regional_background,PT_NEVER_BOARDED,stop_or_route,"139069","<none>","<none>",1
regional_background,PT_NEVER_BOARDED,stop_or_route,"139301","<none>","<none>",1
regional_background,PT_NEVER_BOARDED,stop_or_route,"139339","<none>","<none>",1
regional_background,PT_NEVER_BOARDED,stop_or_route,"139674.2","<none>","<none>",1
regional_background,PT_NEVER_BOARDED,stop_or_route,"13998","<none>","<none>",1
regional_background,PT_NEVER_BOARDED,stop_or_route,"140276","<none>","<none>",1
regional_background,PT_NEVER_BOARDED,stop_or_route,"141844.1","<none>","<none>",1
regional_background,PT_NEVER_BOARDED,stop_or_route,"142459","<none>","<none>",1
regional_background,PT_NEVER_BOARDED,stop_or_route,"142507","<none>","<none>",1
regional_background,PT_NEVER_BOARDED,stop_or_route,"142511","<none>","<none>",1
regional_background,PT_NEVER_BOARDED,stop_or_route,"143755","<none>","<none>",1
regional_background,PT_NEVER_BOARDED,stop_or_route,"145262.2","<none>","<none>",1
regional_background,PT_NEVER_BOARDED,stop_or_route,"145305","<none>","<none>",1
regional_background,PT_NEVER_BOARDED,stop_or_route,"145397.1","<none>","<none>",1
regional_background,PT_NEVER_BOARDED,stop_or_route,"145613","<none>","<none>",1
regional_background,PT_NEVER_BOARDED,stop_or_route,"145771","<none>","<none>",1
regional_background,PT_NEVER_BOARDED,stop_or_route,"145946","<none>","<none>",1
regional_background,PT_NEVER_BOARDED,stop_or_route,"145986","<none>","<none>",1
regional_background,PT_NEVER_BOARDED,stop_or_route,"146004.6","<none>","<none>",1
regional_background,PT_NEVER_BOARDED,stop_or_route,"149421","<none>","<none>",1
regional_background,PT_NEVER_BOARDED,stop_or_route,"156281","<none>","<none>",1
regional_background,PT_NEVER_BOARDED,stop_or_route,"156483.1","<none>","<none>",1
regional_background,PT_NEVER_BOARDED,stop_or_route,"156585.1","<none>","<none>",1
regional_background,PT_NEVER_BOARDED,stop_or_route,"156744.1","<none>","<none>",1
regional_background,PT_NEVER_BOARDED,stop_or_route,"157549.1","<none>","<none>",1
regional_background,PT_NEVER_BOARDED,stop_or_route,"157646","<none>","<none>",1
regional_background,PT_NEVER_BOARDED,stop_or_route,"161124","<none>","<none>",1
regional_background,PT_NEVER_BOARDED,stop_or_route,"162824","<none>","<none>",1
regional_background,PT_NEVER_BOARDED,stop_or_route,"163913","<none>","<none>",1
regional_background,PT_NEVER_BOARDED,stop_or_route,"164578","<none>","<none>",1
regional_background,PT_NEVER_BOARDED,stop_or_route,"164604.2","<none>","<none>",1
regional_background,PT_NEVER_BOARDED,stop_or_route,"164781","<none>","<none>",1
regional_background,PT_NEVER_BOARDED,stop_or_route,"164785","<none>","<none>",1
regional_background,PT_NEVER_BOARDED,stop_or_route,"164899.1","<none>","<none>",1
regional_background,PT_NEVER_BOARDED,stop_or_route,"164942","<none>","<none>",1
regional_background,PT_NEVER_BOARDED,stop_or_route,"167711","<none>","<none>",1
regional_background,PT_NEVER_BOARDED,stop_or_route,"167731","<none>","<none>",1
regional_background,PT_NEVER_BOARDED,stop_or_route,"167770","<none>","<none>",1
regional_background,PT_NEVER_BOARDED,stop_or_route,"167865.1","<none>","<none>",1
regional_background,PT_NEVER_BOARDED,stop_or_route,"168024","<none>","<none>",1
regional_background,PT_NEVER_BOARDED,stop_or_route,"168433","<none>","<none>",1
regional_background,PT_NEVER_BOARDED,stop_or_route,"168518","<none>","<none>",1
regional_background,PT_NEVER_BOARDED,stop_or_route,"168633","<none>","<none>",1
regional_background,PT_NEVER_BOARDED,stop_or_route,"168668","<none>","<none>",1
regional_background,PT_NEVER_BOARDED,stop_or_route,"168843","<none>","<none>",1
regional_background,PT_NEVER_BOARDED,stop_or_route,"168887","<none>","<none>",1
regional_background,PT_NEVER_BOARDED,stop_or_route,"169007","<none>","<none>",1
regional_background,PT_NEVER_BOARDED,stop_or_route,"169021","<none>","<none>",1
regional_background,PT_NEVER_BOARDED,stop_or_route,"173508","<none>","<none>",1
regional_background,PT_NEVER_BOARDED,stop_or_route,"173613.1","<none>","<none>",1
regional_background,PT_NEVER_BOARDED,stop_or_route,"173654.1","<none>","<none>",1
regional_background,PT_NEVER_BOARDED,stop_or_route,"174075.1","<none>","<none>",1
regional_background,PT_NEVER_BOARDED,stop_or_route,"175219.1","<none>","<none>",1
regional_background,PT_NEVER_BOARDED,stop_or_route,"175460","<none>","<none>",1
regional_background,PT_NEVER_BOARDED,stop_or_route,"175551.2","<none>","<none>",1
regional_background,PT_NEVER_BOARDED,stop_or_route,"175608","<none>","<none>",1
regional_background,PT_NEVER_BOARDED,stop_or_route,"175693.1","<none>","<none>",1
regional_background,PT_NEVER_BOARDED,stop_or_route,"175694","<none>","<none>",1
regional_background,PT_NEVER_BOARDED,stop_or_route,"175700","<none>","<none>",1
regional_background,PT_NEVER_BOARDED,stop_or_route,"175766","<none>","<none>",1
regional_background,PT_NEVER_BOARDED,stop_or_route,"175920","<none>","<none>",1
regional_background,PT_NEVER_BOARDED,stop_or_route,"176004","<none>","<none>",1
regional_background,PT_NEVER_BOARDED,stop_or_route,"181681","<none>","<none>",1
regional_background,PT_NEVER_BOARDED,stop_or_route,"181965","<none>","<none>",1
regional_background,PT_NEVER_BOARDED,stop_or_route,"182618","<none>","<none>",1
regional_background,PT_NEVER_BOARDED,stop_or_route,"20813.2","<none>","<none>",1
regional_background,PT_NEVER_BOARDED,stop_or_route,"21712.2","<none>","<none>",1
regional_background,PT_NEVER_BOARDED,stop_or_route,"21764","<none>","<none>",1
regional_background,PT_NEVER_BOARDED,stop_or_route,"21925.1","<none>","<none>",1
regional_background,PT_NEVER_BOARDED,stop_or_route,"21947","<none>","<none>",1
regional_background,PT_NEVER_BOARDED,stop_or_route,"22112","<none>","<none>",1
regional_background,PT_NEVER_BOARDED,stop_or_route,"22131","<none>","<none>",1
regional_background,PT_NEVER_BOARDED,stop_or_route,"22538","<none>","<none>",1
regional_background,PT_NEVER_BOARDED,stop_or_route,"22557.1","<none>","<none>",1
regional_background,PT_NEVER_BOARDED,stop_or_route,"22587","<none>","<none>",1
regional_background,PT_NEVER_BOARDED,stop_or_route,"22763","<none>","<none>",1
regional_background,PT_NEVER_BOARDED,stop_or_route,"22801","<none>","<none>",1
regional_background,PT_NEVER_BOARDED,stop_or_route,"22834","<none>","<none>",1
regional_background,PT_NEVER_BOARDED,stop_or_route,"22874","<none>","<none>",1
regional_background,PT_NEVER_BOARDED,stop_or_route,"22887","<none>","<none>",1
regional_background,PT_NEVER_BOARDED,stop_or_route,"22916","<none>","<none>",1
regional_background,PT_NEVER_BOARDED,stop_or_route,"3513","<none>","<none>",1
regional_background,PT_NEVER_BOARDED,stop_or_route,"3605","<none>","<none>",1
regional_background,PT_NEVER_BOARDED,stop_or_route,"3695","<none>","<none>",1
regional_background,PT_NEVER_BOARDED,stop_or_route,"3701","<none>","<none>",1
regional_background,PT_NEVER_BOARDED,stop_or_route,"3731","<none>","<none>",1
regional_background,PT_NEVER_BOARDED,stop_or_route,"3799","<none>","<none>",1
regional_background,PT_NEVER_BOARDED,stop_or_route,"3845","<none>","<none>",1
regional_background,PT_NEVER_BOARDED,stop_or_route,"3965","<none>","<none>",1
regional_background,PT_NEVER_BOARDED,stop_or_route,"4078.1","<none>","<none>",1
regional_background,PT_NEVER_BOARDED,stop_or_route,"4088","<none>","<none>",1
regional_background,PT_NEVER_BOARDED,stop_or_route,"4132","<none>","<none>",1
regional_background,PT_NEVER_BOARDED,stop_or_route,"4203.1","<none>","<none>",1
regional_background,PT_NEVER_BOARDED,stop_or_route,"4335.1","<none>","<none>",1
regional_background,PT_NEVER_BOARDED,stop_or_route,"4363.1","<none>","<none>",1
regional_background,PT_NEVER_BOARDED,stop_or_route,"4618","<none>","<none>",1
regional_background,PT_NEVER_BOARDED,stop_or_route,"4712.6","<none>","<none>",1
regional_background,PT_NEVER_BOARDED,stop_or_route,"4714","<none>","<none>",1
regional_background,PT_NEVER_BOARDED,stop_or_route,"4799.1","<none>","<none>",1
regional_background,PT_NEVER_BOARDED,stop_or_route,"4988","<none>","<none>",1
regional_background,PT_NEVER_BOARDED,stop_or_route,"5470","<none>","<none>",1
regional_background,PT_NEVER_BOARDED,stop_or_route,"5994","<none>","<none>",1
regional_background,PT_NEVER_BOARDED,stop_or_route,"6115","<none>","<none>",1
regional_background,PT_NEVER_BOARDED,stop_or_route,"61910","<none>","<none>",1
regional_background,PT_NEVER_BOARDED,stop_or_route,"6250","<none>","<none>",1
regional_background,PT_NEVER_BOARDED,stop_or_route,"62522","<none>","<none>",1
regional_background,PT_NEVER_BOARDED,stop_or_route,"65517.1","<none>","<none>",1
regional_background,PT_NEVER_BOARDED,stop_or_route,"65562.3","<none>","<none>",1
regional_background,PT_NEVER_BOARDED,stop_or_route,"68228.1","<none>","<none>",1
regional_background,PT_NEVER_BOARDED,stop_or_route,"6913","<none>","<none>",1
regional_background,PT_NEVER_BOARDED,stop_or_route,"6916.8","<none>","<none>",1
regional_background,PT_NEVER_BOARDED,stop_or_route,"6932.2","<none>","<none>",1
regional_background,PT_NEVER_BOARDED,stop_or_route,"69336","<none>","<none>",1
regional_background,PT_NEVER_BOARDED,stop_or_route,"6947","<none>","<none>",1
regional_background,PT_NEVER_BOARDED,stop_or_route,"69490.2","<none>","<none>",1
regional_background,PT_NEVER_BOARDED,stop_or_route,"69535","<none>","<none>",1
regional_background,PT_NEVER_BOARDED,stop_or_route,"69726","<none>","<none>",1
regional_background,PT_NEVER_BOARDED,stop_or_route,"6999","<none>","<none>",1
regional_background,PT_NEVER_BOARDED,stop_or_route,"70845","<none>","<none>",1
regional_background,PT_NEVER_BOARDED,stop_or_route,"70908.1","<none>","<none>",1
regional_background,PT_NEVER_BOARDED,stop_or_route,"71054","<none>","<none>",1
regional_background,PT_NEVER_BOARDED,stop_or_route,"71057","<none>","<none>",1
regional_background,PT_NEVER_BOARDED,stop_or_route,"7215","<none>","<none>",1
regional_background,PT_NEVER_BOARDED,stop_or_route,"7253","<none>","<none>",1
regional_background,PT_NEVER_BOARDED,stop_or_route,"7294.1","<none>","<none>",1
regional_background,PT_NEVER_BOARDED,stop_or_route,"7298","<none>","<none>",1
regional_background,PT_NEVER_BOARDED,stop_or_route,"7432.1","<none>","<none>",1
regional_background,PT_NEVER_BOARDED,stop_or_route,"7503","<none>","<none>",1
regional_background,PT_NEVER_BOARDED,stop_or_route,"7530","<none>","<none>",1
regional_background,PT_NEVER_BOARDED,stop_or_route,"7782","<none>","<none>",1
regional_background,PT_NEVER_BOARDED,stop_or_route,"7955","<none>","<none>",1
regional_background,PT_NEVER_BOARDED,stop_or_route,"7984","<none>","<none>",1
regional_background,PT_NEVER_BOARDED,stop_or_route,"8057","<none>","<none>",1
regional_background,PT_NEVER_BOARDED,stop_or_route,"8064","<none>","<none>",1
regional_background,PT_NEVER_BOARDED,stop_or_route,"8068","<none>","<none>",1
regional_background,PT_NEVER_BOARDED,stop_or_route,"8109","<none>","<none>",1
regional_background,PT_NEVER_BOARDED,stop_or_route,"8116.4","<none>","<none>",1
regional_background,PT_NEVER_BOARDED,stop_or_route,"8340.1","<none>","<none>",1
regional_background,PT_NEVER_BOARDED,stop_or_route,"84642","<none>","<none>",1
regional_background,PT_NEVER_BOARDED,stop_or_route,"84679.1","<none>","<none>",1
regional_background,PT_NEVER_BOARDED,stop_or_route,"8519.1","<none>","<none>",1
regional_background,PT_NEVER_BOARDED,stop_or_route,"8910.1","<none>","<none>",1
regional_background,PT_NEVER_BOARDED,stop_or_route,"8926","<none>","<none>",1
regional_background,PT_NEVER_BOARDED,stop_or_route,"9123.1","<none>","<none>",1
regional_background,PT_NEVER_BOARDED,stop_or_route,"9277","<none>","<none>",1
regional_background,PT_NEVER_BOARDED,stop_or_route,"9368.1","<none>","<none>",1
regional_background,PT_NEVER_BOARDED,stop_or_route,"9560.5","<none>","<none>",1
regional_background,PT_NEVER_BOARDED,stop_or_route,"9582.1","<none>","<none>",1
regional_background,PT_NEVER_BOARDED,stop_or_route,"9673.2","<none>","<none>",1
regional_background,PT_NEVER_BOARDED,stop_or_route,"9713","<none>","<none>",1
regional_background,PT_BOARDED_NOT_ARRIVED,stop_or_route,"101674.1","XXX---161788_2","XXX---161788_2_100",1
regional_background,PT_BOARDED_NOT_ARRIVED,stop_or_route,"101674.11","XXX---161788_2","XXX---161788_2_33",1
regional_background,PT_BOARDED_NOT_ARRIVED,stop_or_route,"101674.11","XXX---161788_2","XXX---161788_2_6",1
regional_background,PT_BOARDED_NOT_ARRIVED,stop_or_route,"101675","XXX---161788_2","XXX---161788_2_133",1
regional_background,PT_BOARDED_NOT_ARRIVED,stop_or_route,"101693.3","XXX---161788_2","XXX---161788_2_21",1
regional_background,PT_BOARDED_NOT_ARRIVED,stop_or_route,"101694","XXX---161788_2","XXX---161788_2_20",1
regional_background,PT_BOARDED_NOT_ARRIVED,stop_or_route,"101695","XXX---161788_2","XXX---161788_2_19",1
regional_background,PT_BOARDED_NOT_ARRIVED,stop_or_route,"101695","XXX---161788_2","XXX---161788_2_20",1
regional_background,PT_BOARDED_NOT_ARRIVED,stop_or_route,"101696.1","XXX---161788_2","XXX---161788_2_20",1
regional_background,PT_BOARDED_NOT_ARRIVED,stop_or_route,"101697.1","XXX---2267045_3","XXX---2267045_3_0",1
regional_background,PT_BOARDED_NOT_ARRIVED,stop_or_route,"101720.2","XXX---2249902_3","XXX---2249902_3_7",1
regional_background,PT_BOARDED_NOT_ARRIVED,stop_or_route,"101743.1","XXX---162007_2_1158070147","XXX---162007_2_1158070147_0",1
regional_background,PT_BOARDED_NOT_ARRIVED,stop_or_route,"101743.1","XXX---162007_2_1158070147","XXX---162007_2_1158070147_2",1
regional_background,PT_BOARDED_NOT_ARRIVED,stop_or_route,"101743.1","XXX---2255115_3","XXX---2255115_3_6",1
regional_background,PT_BOARDED_NOT_ARRIVED,stop_or_route,"101754","XXX---162007_2_1158069508","XXX---162007_2_1158069508_11",1
regional_background,PT_BOARDED_NOT_ARRIVED,stop_or_route,"101801.1","XXX---2270099_3","XXX---2270099_3_3",1
regional_background,PT_BOARDED_NOT_ARRIVED,stop_or_route,"101829.3","XXX---162452_106_3","XXX---162452_106_3_3",1
regional_background,PT_BOARDED_NOT_ARRIVED,stop_or_route,"101829.3","XXX---162452_106_3","XXX---162452_106_3_8",1
regional_background,PT_BOARDED_NOT_ARRIVED,stop_or_route,"101844.1","XXX---161788_2","XXX---161788_2_157",1
regional_background,PT_BOARDED_NOT_ARRIVED,stop_or_route,"101847","XXX---162452_106_3","XXX---162452_106_3_9",1
regional_background,PT_BOARDED_NOT_ARRIVED,stop_or_route,"101893.1","XXX---161788_2","XXX---161788_2_21",1
regional_background,PT_BOARDED_NOT_ARRIVED,stop_or_route,"101930.5","XXX---162459_109","XXX---162459_109_13",1
regional_background,PT_BOARDED_NOT_ARRIVED,stop_or_route,"101948","XXX---162452_106_3","XXX---162452_106_3_34",1
regional_background,PT_BOARDED_NOT_ARRIVED,stop_or_route,"101948","XXX---162452_106_3","XXX---162452_106_3_7",1
regional_background,PT_BOARDED_NOT_ARRIVED,stop_or_route,"102023","XXX---162443_106","XXX---162443_106_22",1
regional_background,PT_BOARDED_NOT_ARRIVED,stop_or_route,"102023","XXX---162443_106","XXX---162443_106_24",1
regional_background,PT_BOARDED_NOT_ARRIVED,stop_or_route,"102027","XXX---2249595_3","XXX---2249595_3_3",1
regional_background,PT_BOARDED_NOT_ARRIVED,stop_or_route,"102027","XXX---2249610_3","XXX---2249610_3_22",1
regional_background,PT_BOARDED_NOT_ARRIVED,stop_or_route,"102028.10","XXX---162192_3","XXX---162192_3_1",1
regional_background,PT_BOARDED_NOT_ARRIVED,stop_or_route,"102040","XXX---2249628_3","XXX---2249628_3_0",1
regional_background,PT_BOARDED_NOT_ARRIVED,stop_or_route,"102040.3","XXX---2249598_3","XXX---2249598_3_4",1
regional_background,PT_BOARDED_NOT_ARRIVED,stop_or_route,"102065","XXX---161788_2","XXX---161788_2_164",1
regional_background,PT_BOARDED_NOT_ARRIVED,stop_or_route,"102065","XXX---161788_2","XXX---161788_2_53",1
regional_background,PT_BOARDED_NOT_ARRIVED,stop_or_route,"102066.1","XXX---1850879_2","XXX---1850879_2_3",1
regional_background,PT_BOARDED_NOT_ARRIVED,stop_or_route,"102105.1","XXX---2167616_3","XXX---2167616_3_2",1
regional_background,PT_BOARDED_NOT_ARRIVED,stop_or_route,"102121.2","XXX---162452_106_1","XXX---162452_106_1_39",1
regional_background,PT_BOARDED_NOT_ARRIVED,stop_or_route,"102131.1","XXX---162442_106","XXX---162442_106_7",1
regional_background,PT_BOARDED_NOT_ARRIVED,stop_or_route,"102197.2","XXX---161788_2","XXX---161788_2_36",1
regional_background,PT_BOARDED_NOT_ARRIVED,stop_or_route,"102197.2","XXX---2183223_3","XXX---2183223_3_2",1
regional_background,PT_BOARDED_NOT_ARRIVED,stop_or_route,"102231.2","XXX---162192_3","XXX---162192_3_1",1
regional_background,PT_BOARDED_NOT_ARRIVED,stop_or_route,"102233.1","XXX---162192_4","XXX---162192_4_25",1
regional_background,PT_BOARDED_NOT_ARRIVED,stop_or_route,"102236","XXX---162452_106_3","XXX---162452_106_3_9",1
regional_background,PT_BOARDED_NOT_ARRIVED,stop_or_route,"102243.2","XXX---162195_2","XXX---162195_2_14",1
regional_background,PT_BOARDED_NOT_ARRIVED,stop_or_route,"102243.3","XXX---514706_106","XXX---514706_106_6",1
regional_background,PT_BOARDED_NOT_ARRIVED,stop_or_route,"102338","XXX---162443_106","XXX---162443_106_21",1
regional_background,PT_BOARDED_NOT_ARRIVED,stop_or_route,"102385.4","XXX---2255043_3","XXX---2255043_3_3",1
regional_background,PT_BOARDED_NOT_ARRIVED,stop_or_route,"102385.7","XXX---2255043_3","XXX---2255043_3_1",1
regional_background,PT_BOARDED_NOT_ARRIVED,stop_or_route,"102391.1","XXX---2255042_3","XXX---2255042_3_2",1
regional_background,PT_BOARDED_NOT_ARRIVED,stop_or_route,"102454","XXX---161788_2","XXX---161788_2_130",1
regional_background,PT_BOARDED_NOT_ARRIVED,stop_or_route,"102454","XXX---161788_2","XXX---161788_2_133",1
regional_background,PT_BOARDED_NOT_ARRIVED,stop_or_route,"102459","XXX---161788_2","XXX---161788_2_194",1
regional_background,PT_BOARDED_NOT_ARRIVED,stop_or_route,"102532","XXX---162424_106","XXX---162424_106_82",1
regional_background,PT_BOARDED_NOT_ARRIVED,stop_or_route,"102548","XXX---2255122_3","XXX---2255122_3_6",1
regional_background,PT_BOARDED_NOT_ARRIVED,stop_or_route,"102548.2","XXX---2255145_3","XXX---2255145_3_2",1
regional_background,PT_BOARDED_NOT_ARRIVED,stop_or_route,"10272","XXX---2268782_3","XXX---2268782_3_3",1
regional_background,PT_BOARDED_NOT_ARRIVED,stop_or_route,"10275","XXX---162461_109","XXX---162461_109_13",1
regional_background,PT_BOARDED_NOT_ARRIVED,stop_or_route,"10276","XXX---162461_109","XXX---162461_109_12",1
regional_background,PT_BOARDED_NOT_ARRIVED,stop_or_route,"10276","XXX---162461_109","XXX---162461_109_6",1
regional_background,PT_BOARDED_NOT_ARRIVED,stop_or_route,"103537","XXX---2270886_3","XXX---2270886_3_5",1
regional_background,PT_BOARDED_NOT_ARRIVED,stop_or_route,"103537.3","XXX---162192_4","XXX---162192_4_16",1
regional_background,PT_BOARDED_NOT_ARRIVED,stop_or_route,"103537.3","XXX---162192_4","XXX---162192_4_25",1
regional_background,PT_BOARDED_NOT_ARRIVED,stop_or_route,"10412.3","XXX---2268775_3","XXX---2268775_3_0",1
regional_background,PT_BOARDED_NOT_ARRIVED,stop_or_route,"104223.5","XXX---1850865_3","XXX---1850865_3_1",1
regional_background,PT_BOARDED_NOT_ARRIVED,stop_or_route,"104223.5","XXX---2255153_3","XXX---2255153_3_23",1
regional_background,PT_BOARDED_NOT_ARRIVED,stop_or_route,"104225.1","XXX---161788_2","XXX---161788_2_170",1
regional_background,PT_BOARDED_NOT_ARRIVED,stop_or_route,"104227.1","XXX---161788_2","XXX---161788_2_219",1
regional_background,PT_BOARDED_NOT_ARRIVED,stop_or_route,"104298.1","XXX---2255012_3","XXX---2255012_3_24",1
regional_background,PT_BOARDED_NOT_ARRIVED,stop_or_route,"104305.1","XXX---162424_106","XXX---162424_106_10",1
regional_background,PT_BOARDED_NOT_ARRIVED,stop_or_route,"104345","XXX---162007_2_1158070147","XXX---162007_2_1158070147_6",1
regional_background,PT_BOARDED_NOT_ARRIVED,stop_or_route,"104381.1","XXX---161839_2","XXX---161839_2_57",1
regional_background,PT_BOARDED_NOT_ARRIVED,stop_or_route,"105224.1","XXX---2249651_3","XXX---2249651_3_0",1
regional_background,PT_BOARDED_NOT_ARRIVED,stop_or_route,"105226","XXX---2249608_3","XXX---2249608_3_5",1
regional_background,PT_BOARDED_NOT_ARRIVED,stop_or_route,"10565.4","XXX---2268614_3","XXX---2268614_3_1",1
regional_background,PT_BOARDED_NOT_ARRIVED,stop_or_route,"106060","XXX---2271997_1","XXX---2271997_1_15",1
regional_background,PT_BOARDED_NOT_ARRIVED,stop_or_route,"106060.1","XXX---2271997_1","XXX---2271997_1_14",1
regional_background,PT_BOARDED_NOT_ARRIVED,stop_or_route,"106077.2","XXX---162456_109","XXX---162456_109_1",1
regional_background,PT_BOARDED_NOT_ARRIVED,stop_or_route,"106077.7","XXX---232602_2","XXX---232602_2_2",1
regional_background,PT_BOARDED_NOT_ARRIVED,stop_or_route,"106077.9","XXX---162460_109","XXX---162460_109_2",1
regional_background,PT_BOARDED_NOT_ARRIVED,stop_or_route,"106117.1","XXX---2272074_3","XXX---2272074_3_14",1
regional_background,PT_BOARDED_NOT_ARRIVED,stop_or_route,"106130.14","XXX---162458_109","XXX---162458_109_3",1
regional_background,PT_BOARDED_NOT_ARRIVED,stop_or_route,"10681.5","XXX---2268614_3","XXX---2268614_3_0",1
regional_background,PT_BOARDED_NOT_ARRIVED,stop_or_route,"10681.6","XXX---2268614_3","XXX---2268614_3_1",1
regional_background,PT_BOARDED_NOT_ARRIVED,stop_or_route,"107993.2","XXX---2271996_1","XXX---2271996_1_14",1
regional_background,PT_BOARDED_NOT_ARRIVED,stop_or_route,"107995.1","XXX---2271996_1","XXX---2271996_1_9",1
regional_background,PT_BOARDED_NOT_ARRIVED,stop_or_route,"108495","XXX---2271996_1","XXX---2271996_1_9",1
regional_background,PT_BOARDED_NOT_ARRIVED,stop_or_route,"108497.1","XXX---2271996_1","XXX---2271996_1_1",1
regional_background,PT_BOARDED_NOT_ARRIVED,stop_or_route,"108614.4","XXX---162461_109","XXX---162461_109_10",1
regional_background,PT_BOARDED_NOT_ARRIVED,stop_or_route,"10895.1","XXX---2268763_3","XXX---2268763_3_0",1
regional_background,PT_BOARDED_NOT_ARRIVED,stop_or_route,"10947.2","XXX---162462_109","XXX---162462_109_11",1
regional_background,PT_BOARDED_NOT_ARRIVED,stop_or_route,"109626","XXX---162458_109","XXX---162458_109_28",1
regional_background,PT_BOARDED_NOT_ARRIVED,stop_or_route,"11100","XXX---2268533_3","XXX---2268533_3_1",1
regional_background,PT_BOARDED_NOT_ARRIVED,stop_or_route,"11108.1","XXX---162460_109","XXX---162460_109_13",1
regional_background,PT_BOARDED_NOT_ARRIVED,stop_or_route,"11151.2","XXX---162433_106","XXX---162433_106_22",1
regional_background,PT_BOARDED_NOT_ARRIVED,stop_or_route,"11176.1","XXX---162433_106","XXX---162433_106_83",1
regional_background,PT_BOARDED_NOT_ARRIVED,stop_or_route,"11599.3","XXX---162459_109","XXX---162459_109_1",1
regional_background,PT_BOARDED_NOT_ARRIVED,stop_or_route,"11699","XXX---162458_109","XXX---162458_109_10",1
regional_background,PT_BOARDED_NOT_ARRIVED,stop_or_route,"11702.2","XXX---2268551_3","XXX---2268551_3_0",1
regional_background,PT_BOARDED_NOT_ARRIVED,stop_or_route,"11744.2","XXX---162452_106_3","XXX---162452_106_3_66",1
regional_background,PT_BOARDED_NOT_ARRIVED,stop_or_route,"11805","XXX---162459_109","XXX---162459_109_6",1
regional_background,PT_BOARDED_NOT_ARRIVED,stop_or_route,"11832.2","XXX---162429_106","XXX---162429_106_24",1
regional_background,PT_BOARDED_NOT_ARRIVED,stop_or_route,"11832.2","XXX---2268786_3","XXX---2268786_3_1",1
regional_background,PT_BOARDED_NOT_ARRIVED,stop_or_route,"11832.2","XXX---2268788_3","XXX---2268788_3_0",1
regional_background,PT_BOARDED_NOT_ARRIVED,stop_or_route,"11832.5","XXX---162459_109","XXX---162459_109_15",1
regional_background,PT_BOARDED_NOT_ARRIVED,stop_or_route,"11993.1","XXX---162462_109","XXX---162462_109_10",1
regional_background,PT_BOARDED_NOT_ARRIVED,stop_or_route,"127164","XXX---2269731_3","XXX---2269731_3_15",1
regional_background,PT_BOARDED_NOT_ARRIVED,stop_or_route,"127218","XXX---2249902_3","XXX---2249902_3_2",1
regional_background,PT_BOARDED_NOT_ARRIVED,stop_or_route,"127237","XXX---2249918_0","XXX---2249918_0_8",1
regional_background,PT_BOARDED_NOT_ARRIVED,stop_or_route,"127244","XXX---2249910_3","XXX---2249910_3_0",1
regional_background,PT_BOARDED_NOT_ARRIVED,stop_or_route,"127265","XXX---2249918_0","XXX---2249918_0_8",1
regional_background,PT_BOARDED_NOT_ARRIVED,stop_or_route,"127280","XXX---2249919_0","XXX---2249919_0_0",1
regional_background,PT_BOARDED_NOT_ARRIVED,stop_or_route,"127374.2","XXX---2249921_0","XXX---2249921_0_0",1
regional_background,PT_BOARDED_NOT_ARRIVED,stop_or_route,"127634","XXX---2249918_0","XXX---2249918_0_9",1
regional_background,PT_BOARDED_NOT_ARRIVED,stop_or_route,"127637","XXX---2267013_3","XXX---2267013_3_2",1
regional_background,PT_BOARDED_NOT_ARRIVED,stop_or_route,"127791.1","XXX---2270075_3","XXX---2270075_3_1",1
regional_background,PT_BOARDED_NOT_ARRIVED,stop_or_route,"127929","XXX---2183232_3","XXX---2183232_3_10",1
regional_background,PT_BOARDED_NOT_ARRIVED,stop_or_route,"12794.1","XXX---162456_109","XXX---162456_109_9",1
regional_background,PT_BOARDED_NOT_ARRIVED,stop_or_route,"127969.2","XXX---2183232_3","XXX---2183232_3_12",1
regional_background,PT_BOARDED_NOT_ARRIVED,stop_or_route,"12797","XXX---162456_109","XXX---162456_109_11",1
regional_background,PT_BOARDED_NOT_ARRIVED,stop_or_route,"12797.1","XXX---162456_109","XXX---162456_109_11",1
regional_background,PT_BOARDED_NOT_ARRIVED,stop_or_route,"12797.1","XXX---162456_109","XXX---162456_109_5",1
regional_background,PT_BOARDED_NOT_ARRIVED,stop_or_route,"12823","XXX---162456_109","XXX---162456_109_11",1
regional_background,PT_BOARDED_NOT_ARRIVED,stop_or_route,"128471.1","XXX---2269764_3","XXX---2269764_3_0",1
regional_background,PT_BOARDED_NOT_ARRIVED,stop_or_route,"12853","XXX---162456_109","XXX---162456_109_12",1
regional_background,PT_BOARDED_NOT_ARRIVED,stop_or_route,"128987","XXX---2270082_3","XXX---2270082_3_18",1
regional_background,PT_BOARDED_NOT_ARRIVED,stop_or_route,"12928","XXX---162456_109","XXX---162456_109_15",1
regional_background,PT_BOARDED_NOT_ARRIVED,stop_or_route,"12958.1","XXX---2268550_3","XXX---2268550_3_4",1
regional_background,PT_BOARDED_NOT_ARRIVED,stop_or_route,"13063.2","XXX---162456_109","XXX---162456_109_15",1
regional_background,PT_BOARDED_NOT_ARRIVED,stop_or_route,"13064","XXX---162456_109","XXX---162456_109_3",1
regional_background,PT_BOARDED_NOT_ARRIVED,stop_or_route,"13154.1","XXX---2268699_3","XXX---2268699_3_4",1
regional_background,PT_BOARDED_NOT_ARRIVED,stop_or_route,"13155","XXX---162456_109","XXX---162456_109_1",1
regional_background,PT_BOARDED_NOT_ARRIVED,stop_or_route,"134473","XXX---2255051_3","XXX---2255051_3_5",1
regional_background,PT_BOARDED_NOT_ARRIVED,stop_or_route,"13453.2","XXX---2268805_3","XXX---2268805_3_1",1
regional_background,PT_BOARDED_NOT_ARRIVED,stop_or_route,"135837.10","XXX---2255156_3","XXX---2255156_3_14",1
regional_background,PT_BOARDED_NOT_ARRIVED,stop_or_route,"13700.1","XXX---2268700_3","XXX---2268700_3_7",1
regional_background,PT_BOARDED_NOT_ARRIVED,stop_or_route,"13743","XXX---162443_106","XXX---162443_106_42",1
regional_background,PT_BOARDED_NOT_ARRIVED,stop_or_route,"13745","XXX---162443_106","XXX---162443_106_21",1
regional_background,PT_BOARDED_NOT_ARRIVED,stop_or_route,"13873","XXX---2268708_3","XXX---2268708_3_17",1
regional_background,PT_BOARDED_NOT_ARRIVED,stop_or_route,"138785","XXX---2255096_3","XXX---2255096_3_12",1
regional_background,PT_BOARDED_NOT_ARRIVED,stop_or_route,"139254.3","XXX---2255113_3","XXX---2255113_3_9",1
regional_background,PT_BOARDED_NOT_ARRIVED,stop_or_route,"139255.1","XXX---2255113_3","XXX---2255113_3_10",1
regional_background,PT_BOARDED_NOT_ARRIVED,stop_or_route,"13929.1","XXX---2268550_3","XXX---2268550_3_3",1
regional_background,PT_BOARDED_NOT_ARRIVED,stop_or_route,"13960.1","XXX---2268548_3","XXX---2268548_3_3",1
regional_background,PT_BOARDED_NOT_ARRIVED,stop_or_route,"140573.1","XXX---2269731_3","XXX---2269731_3_29",1
regional_background,PT_BOARDED_NOT_ARRIVED,stop_or_route,"140573.2","XXX---2269731_3","XXX---2269731_3_33",1
regional_background,PT_BOARDED_NOT_ARRIVED,stop_or_route,"142157.3","XXX---2270117_3","XXX---2270117_3_0",1
regional_background,PT_BOARDED_NOT_ARRIVED,stop_or_route,"142444.1","XXX---2268635_3","XXX---2268635_3_8",1
regional_background,PT_BOARDED_NOT_ARRIVED,stop_or_route,"142500.1","XXX---162308_101","XXX---162308_101_0",1
regional_background,PT_BOARDED_NOT_ARRIVED,stop_or_route,"142500.1","XXX---2272008_0","XXX---2272008_0_6",1
regional_background,PT_BOARDED_NOT_ARRIVED,stop_or_route,"142500.1","XXX---2272009_0","XXX---2272009_0_3",1
regional_background,PT_BOARDED_NOT_ARRIVED,stop_or_route,"142500.1","XXX---2272016_0","XXX---2272016_0_0",1
regional_background,PT_BOARDED_NOT_ARRIVED,stop_or_route,"143652","XXX---162007_2_1158069900","XXX---162007_2_1158069900_5",1
regional_background,PT_BOARDED_NOT_ARRIVED,stop_or_route,"145277.1","XXX---2249918_0","XXX---2249918_0_9",1
regional_background,PT_BOARDED_NOT_ARRIVED,stop_or_route,"145571.2","XXX---2249922_0","XXX---2249922_0_6",1
regional_background,PT_BOARDED_NOT_ARRIVED,stop_or_route,"149427","XXX---162461_109","XXX---162461_109_15",1
regional_background,PT_BOARDED_NOT_ARRIVED,stop_or_route,"149765.1","XXX---162456_109","XXX---162456_109_11",1
regional_background,PT_BOARDED_NOT_ARRIVED,stop_or_route,"149765.4","XXX---162456_109","XXX---162456_109_12",1
regional_background,PT_BOARDED_NOT_ARRIVED,stop_or_route,"164945","XXX---2183223_3","XXX---2183223_3_8",1
regional_background,PT_BOARDED_NOT_ARRIVED,stop_or_route,"167865.1","XXX---2269696_3","XXX---2269696_3_0",1
regional_background,PT_BOARDED_NOT_ARRIVED,stop_or_route,"167868.8","XXX---2233222_3","XXX---2233222_3_22",1
regional_background,PT_BOARDED_NOT_ARRIVED,stop_or_route,"169017","XXX---2249599_3","XXX---2249599_3_33",1
regional_background,PT_BOARDED_NOT_ARRIVED,stop_or_route,"175309","XXX---2269694_3","XXX---2269694_3_2",1
regional_background,PT_BOARDED_NOT_ARRIVED,stop_or_route,"175512","XXX---1989745_3","XXX---1989745_3_7",1
regional_background,PT_BOARDED_NOT_ARRIVED,stop_or_route,"20814.1","XXX---2183238_3","XXX---2183238_3_11",1
regional_background,PT_BOARDED_NOT_ARRIVED,stop_or_route,"21938.1","XXX---2249638_3","XXX---2249638_3_0",1
regional_background,PT_BOARDED_NOT_ARRIVED,stop_or_route,"22067","XXX---2249636_3","XXX---2249636_3_2",1
regional_background,PT_BOARDED_NOT_ARRIVED,stop_or_route,"22081.1","XXX---2270125_3","XXX---2270125_3_14",1
regional_background,PT_BOARDED_NOT_ARRIVED,stop_or_route,"22821.1","XXX---2255041_3","XXX---2255041_3_4",1
regional_background,PT_BOARDED_NOT_ARRIVED,stop_or_route,"22824","XXX---2270732_3","XXX---2270732_3_2",1
regional_background,PT_BOARDED_NOT_ARRIVED,stop_or_route,"22825.2","XXX---2270737_3","XXX---2270737_3_0",1
regional_background,PT_BOARDED_NOT_ARRIVED,stop_or_route,"3547.3","XXX---2249596_3","XXX---2249596_3_0",1
regional_background,PT_BOARDED_NOT_ARRIVED,stop_or_route,"3555","XXX---2270104_3","XXX---2270104_3_0",1
regional_background,PT_BOARDED_NOT_ARRIVED,stop_or_route,"3958.3","XXX---2249603_3","XXX---2249603_3_5",1
regional_background,PT_BOARDED_NOT_ARRIVED,stop_or_route,"4707.1","XXX---1850865_3","XXX---1850865_3_1",1
regional_background,PT_BOARDED_NOT_ARRIVED,stop_or_route,"5108.1","XXX---2272000_1","XXX---2272000_1_8",1
regional_background,PT_BOARDED_NOT_ARRIVED,stop_or_route,"5794.1","XXX---162461_109","XXX---162461_109_19",1
regional_background,PT_BOARDED_NOT_ARRIVED,stop_or_route,"5973","XXX---162458_109","XXX---162458_109_28",1
regional_background,PT_BOARDED_NOT_ARRIVED,stop_or_route,"6046.1","XXX---162458_109","XXX---162458_109_16",1
regional_background,PT_BOARDED_NOT_ARRIVED,stop_or_route,"6483","XXX---162461_109","XXX---162461_109_6",1
regional_background,PT_BOARDED_NOT_ARRIVED,stop_or_route,"65505.3","XXX---2270894_3","XXX---2270894_3_2",1
regional_background,PT_BOARDED_NOT_ARRIVED,stop_or_route,"6701.1","XXX---162460_109","XXX---162460_109_7",1
regional_background,PT_BOARDED_NOT_ARRIVED,stop_or_route,"6881","XXX---514706_106","XXX---514706_106_14",1
regional_background,PT_BOARDED_NOT_ARRIVED,stop_or_route,"6887","XXX---162455_109","XXX---162455_109_5",1
regional_background,PT_BOARDED_NOT_ARRIVED,stop_or_route,"6897","XXX---2268675_3","XXX---2268675_3_1",1
regional_background,PT_BOARDED_NOT_ARRIVED,stop_or_route,"6902.3","XXX---2268543_3","XXX---2268543_3_0",1
regional_background,PT_BOARDED_NOT_ARRIVED,stop_or_route,"69490.4","XXX---2271029_3","XXX---2271029_3_10",1
regional_background,PT_BOARDED_NOT_ARRIVED,stop_or_route,"69779.1","XXX---2271027_3","XXX---2271027_3_12",1
regional_background,PT_BOARDED_NOT_ARRIVED,stop_or_route,"70789.1","XXX---2271035_3","XXX---2271035_3_16",1
regional_background,PT_BOARDED_NOT_ARRIVED,stop_or_route,"7252.2","XXX---162449_106","XXX---162449_106_2",1
regional_background,PT_BOARDED_NOT_ARRIVED,stop_or_route,"7254.1","XXX---162448_106","XXX---162448_106_2",1
regional_background,PT_BOARDED_NOT_ARRIVED,stop_or_route,"7279.1","XXX---162462_109","XXX---162462_109_26",1
regional_background,PT_BOARDED_NOT_ARRIVED,stop_or_route,"7297.2","XXX---2268669_3","XXX---2268669_3_3",1
regional_background,PT_BOARDED_NOT_ARRIVED,stop_or_route,"7383.1","XXX---2268674_3","XXX---2268674_3_1",1
regional_background,PT_BOARDED_NOT_ARRIVED,stop_or_route,"7404","XXX---2268679_3","XXX---2268679_3_0",1
regional_background,PT_BOARDED_NOT_ARRIVED,stop_or_route,"8032.2","XXX---162456_109","XXX---162456_109_29",1
regional_background,PT_BOARDED_NOT_ARRIVED,stop_or_route,"8058.1","XXX---2268643_3","XXX---2268643_3_0",1
regional_background,PT_BOARDED_NOT_ARRIVED,stop_or_route,"80647","XXX---2255006_3","XXX---2255006_3_5",1
regional_background,PT_BOARDED_NOT_ARRIVED,stop_or_route,"8910.1","XXX---2268654_3","XXX---2268654_3_2",1
regional_background,PT_BOARDED_NOT_ARRIVED,stop_or_route,"8913","XXX---2268654_3","XXX---2268654_3_2",1
regional_background,PT_BOARDED_NOT_ARRIVED,stop_or_route,"8931.1","XXX---162424_106","XXX---162424_106_110",1
regional_background,PT_BOARDED_NOT_ARRIVED,stop_or_route,"8932.4","XXX---162424_106","XXX---162424_106_103",1
regional_background,PT_BOARDED_NOT_ARRIVED,stop_or_route,"9358.2","XXX---162456_109","XXX---162456_109_20",1
regional_background,PT_BOARDED_NOT_ARRIVED,stop_or_route,"9358.2","XXX---162456_109","XXX---162456_109_22",1
regional_background,PT_BOARDED_NOT_ARRIVED,stop_or_route,"9405.2","XXX---162424_106","XXX---162424_106_109",1
regional_background,PT_BOARDED_NOT_ARRIVED,stop_or_route,"9406","XXX---2268637_3","XXX---2268637_3_13",1
regional_background,PT_BOARDED_NOT_ARRIVED,stop_or_route,"9411.1","XXX---162456_109","XXX---162456_109_11",1
regional_background,PT_BOARDED_NOT_ARRIVED,stop_or_route,"9515","XXX---2255006_3","XXX---2255006_3_4",1
regional_background,PT_BOARDED_NOT_ARRIVED,stop_or_route,"9560.4","XXX---162456_109","XXX---162456_109_22",1
regional_background,PT_BOARDED_NOT_ARRIVED,stop_or_route,"9560.4","XXX---162456_109","XXX---162456_109_29",1
regional_background,PT_BOARDED_NOT_ARRIVED,stop_or_route,"9600","XXX---162460_109","XXX---162460_109_30",1
regional_background,PT_BOARDED_NOT_ARRIVED,stop_or_route,"9601","XXX---162460_109","XXX---162460_109_31",1
regional_background,PT_BOARDED_NOT_ARRIVED,stop_or_route,"9624.1","XXX---162007_2_1158069900","XXX---162007_2_1158069900_5",1
regional_background,PT_BOARDED_NOT_ARRIVED,stop_or_route,"9628","XXX---162460_109","XXX---162460_109_31",1
regional_background,PT_BOARDED_NOT_ARRIVED,stop_or_route,"9673.2","XXX---2268624_3","XXX---2268624_3_0",1
regional_background,PT_BOARDED_NOT_ARRIVED,stop_or_route,"9868","XXX---2268625_3","XXX---2268625_3_11",1
regional_background,PT_BOARDED_NOT_ARRIVED,stop_or_route,"9964.2","XXX---162424_106","XXX---162424_106_135",1
unresolved_background,CAR_NO_PROGRESS_OR_NETWORK_CLUSTER,link,"126126","","",1
unresolved_background,CAR_NO_PROGRESS_OR_NETWORK_CLUSTER,link,"168300","","",1
unresolved_background,CAR_NO_PROGRESS_OR_NETWORK_CLUSTER,link,"284938","","",1
unresolved_background,CAR_NO_PROGRESS_OR_NETWORK_CLUSTER,link,"381955","","",1
unresolved_background,CAR_NO_PROGRESS_OR_NETWORK_CLUSTER,link,"400953","","",1
unresolved_background,PT_NEVER_BOARDED,stop_or_route,"<none>","<none>","<none>",1
unresolved_background,PT_BOARDED_NOT_ARRIVED,stop_or_route,"101673","XXX---2249920_0","XXX---2249920_0_4",1
unresolved_background,PT_BOARDED_NOT_ARRIVED,stop_or_route,"101695","XXX---161788_2","XXX---161788_2_20",1
unresolved_background,PT_BOARDED_NOT_ARRIVED,stop_or_route,"102229","XXX---162192_3","XXX---162192_3_1",1
unresolved_background,PT_BOARDED_NOT_ARRIVED,stop_or_route,"102275.1","XXX---162424_106","XXX---162424_106_10",1
unresolved_background,PT_BOARDED_NOT_ARRIVED,stop_or_route,"102458.2","XXX---2270082_3","XXX---2270082_3_18",1
